Date,AT - Make,AT - Model,AT - User ID Cookie,Users
20160710,alfa romeo,giulia,id=86c385f9-dbd6-40ae-a534-daf2d85e64f2,4
20160710,volvo,s90,id=86c385f9-dbd6-40ae-a534-daf2d85e64f2,4
20160711,volvo,s90,id=86c385f9-dbd6-40ae-a534-daf2d85e64f2,4
20160713,porsche,cayman,id=ac7ea6e4-c4dc-4260-9388-52847428672c,4
20160722,seat,ateca,id=ea214d66-cf5d-47ee-811a-a35b293cae12,4
20160708,mercedes-benz,c class,id=1345759373984.436646.900,3
20160720,jaguar,f-type,id=d9bcddc8-b61e-48f3-a3b1-08cc79ab408b,3
20160731,volkswagen,beetle,id=86c385f9-dbd6-40ae-a534-daf2d85e64f2,3
20160701,ford,fiesta,id=1338702362505.408774.900,2
20160701,ford,fiesta,id=ad32d67c-5680-47de-95e7-0acd6670a936,2
20160701,hyundai,ix35,id=90091fd4-5e68-45a7-960a-9519b719ce6b,2
20160701,porsche,panamera,id=8624bb6f-2f58-4491-af3a-fd59ee297e78,2
20160702,bmw,x3,id=1421845586057.509690.900,2
20160702,ford,fiesta,id=392b6500-a724-47ce-957f-e1b29cf51e03,2
20160702,ford,focus,id=1406473088435.654675.900,2
20160702,honda,jazz,id=0bd526d4-15af-493a-a9bb-d217a875c1e3,2
20160702,volkswagen,scirocco,id=1382272892725.394323.900,2
20160702,volkswagen,up!,id=2776434a-2ab6-4934-b346-6269370e5d7b,2
20160702,volkswagen,up!,id=fd4508dc-3a7a-4fdc-ade0-038bc337a649,2
20160704,audi,s5,id=1371586784070.332390.900,2
20160704,ford,fiesta,id=1203371801774.64355.515,2
20160704,ford,fiesta,id=1352753335528.685064.900,2
20160704,ford,fiesta,id=1453019892160.907587.900,2
20160704,toyota,urbancruiser,id=1373576448235.546351.900,2
20160704,vauxhall,corsa,id=1291196407553.834903.556,2
20160704,volkswagen,up!,id=1400940577009.130382.900,2
20160705,audi,a5,id=1456821422780.910277.900,2
20160705,audi,rs5,id=1456821422780.910277.900,2
20160705,jaguar,xf,id=389bf79a-ef00-4343-b248-662fd537fbef,2
20160705,volkswagen,passat,id=ff5c7426-3bb5-4ded-ba05-eb61def1cbb4,2
20160706,bmw,1 series,id=1299537931975.588939.998,2
20160707,audi,a5,id=1379601587122.733312.900,2
20160708,audi,q2,id=1291332657110.809792.900,2
20160708,audi,q2,id=1351898311910.215370.900,2
20160708,audi,q2,id=1395128871935.67205.900,2
20160708,audi,q2,id=ac4de2dc-09c5-4195-b8d1-2addf3931dfb,2
20160708,audi,q2,id=d0a15736-238b-4b56-a975-363665a4a4bb,2
20160708,mini,convertible,id=1442956252474.520219.900,2
20160708,mini,countryman,id=902bf982-8183-4df3-b9a3-6c6c35c96903,2
20160708,porsche,macan,id=1398081882572.643649.900,2
20160709,audi,q2,id=1163273466669.604092.999,2
20160709,audi,q2,id=1233246415175.119609.998,2
20160709,porsche,911,id=4858d50e-a372-4d3f-9f2a-f90872044033,2
20160709,porsche,911,id=76426811-83ae-48a3-a3d6-52a649584fb3,2
20160709,porsche,911,id=a57a7498-14a8-49d1-bb8f-ea1ad580c108,2
20160709,volkswagen,up!,id=ecdf51cc-6ca4-4f09-9c8d-ca52bd966d5e,2
20160709,volvo,v90,id=9ff8756e-32a1-4543-85b7-9d44f83539f4,2
20160710,fiat,124 spider,id=219b4ec8-f530-4c95-b62b-651742d9c060,2
20160710,mini,hatch,id=7f995d8f-52ab-4088-86d3-14ca810b0594,2
20160710,porsche,911,id=a625121c-efeb-47e0-85e1-3bde2c842451,2
20160710,porsche,911 mk 991,id=df018364-80f2-4193-8ea2-a9c46049ab1f,2
20160711,audi,a6 allroad,id=1321476525340.237360.541,2
20160711,fiat,124 spider,id=1445028482656.512254.900,2
20160711,fiat,124 spider,id=1446299016414.789507.900,2
20160711,fiat,124 spider,id=37577.8922337963.710522.907,2
20160711,ford,focus,id=1382682863375.989704.900,2
20160711,kia,cee'd,id=1382682863375.989704.900,2
20160711,porsche,911,id=ab3542e4-8b69-4034-b4ac-7a7ce8a70a10,2
20160711,volvo,s90,id=d1b9815a-b7e7-4a27-adf8-75449743c869,2
20160711,volvo,v60,id=ca4343ee-70b1-45ca-aabd-98d77861f4a1,2
20160712,fiat,124 spider,id=219b4ec8-f530-4c95-b62b-651742d9c060,2
20160712,volvo,v50,id=1411935502164.403874.900,2
20160713,mercedes-benz,glc class,id=fd1ba476-6f17-401f-9cc6-6449479fbbe4,2
20160713,volvo,v90,id=8b73ff2e-4736-4ef2-beb3-3b678e638ce6,2
20160714,ford,focus,id=8ef30bd4-0e5c-4b20-b2f8-b16e92c3e1bd,2
20160714,nissan,pulsar,id=37348.8364236111.317501.1817,2
20160714,volvo,v70,id=1408032197891.215801.900,2
20160715,citroen,c3,id=0d40752e-acae-4a40-a763-824d9198d168,2
20160715,kia,cee'd,id=1148078658003.952522.999,2
20160715,seat,ateca,id=280c3a74-dbef-451e-ac63-fee6bb06e8c8,2
20160715,volvo,v90,id=280c3a74-dbef-451e-ac63-fee6bb06e8c8,2
20160716,ford,kuga,id=c63a9d02-e405-494a-8945-1a908a861ab6,2
20160716,honda,cr-v,id=1415198771281.274094.900,2
20160716,mercedes-benz,slc,id=86c385f9-dbd6-40ae-a534-daf2d85e64f2,2
20160717,ford,fiesta,id=aca13eb2-0e14-49f1-9764-a8454963754f,2
20160717,ford,fiesta,id=f56d1a53-9cc5-4293-a880-9e699e04c252,2
20160717,ford,kuga,id=7d66b187-c340-4a46-868e-6ed514dae67c,2
20160717,honda,civic,id=1304626178909.574090.998,2
20160717,lexus,is 250,id=1365853610724.928027.900,2
20160717,mercedes-benz,slc,id=15078973-1973-4d5f-b6bb-345d3eb31b4a,2
20160717,mercedes-benz,slc,id=56b04c9c-2bd6-47eb-9bcf-1d87ccfdda03,2
20160717,mitsubishi,shogun,id=1429439064912.194894.900,2
20160717,vauxhall,corsa,id=1424339087874.457838.900,2
20160718,audi,q2,id=af75a64b-20e8-4dff-86dd-e998e0d66e34,2
20160718,honda,nsx,id=1416100505874.384010.900,2
20160718,mazda,mx-5,id=1276761799656.57146.826,2
20160718,mercedes-benz,slc,id=2e46a83c-20c4-4a6a-b437-b12df2860517,2
20160718,renault,clio,id=966fc5c9-ec4a-4b37-af74-695686587b5a,2
20160718,skoda,octavia,id=02fddb7d-4657-4a09-b2ab-2e00cd1cb2c8,2
20160718,volkswagen,passat,id=138e35fc-5272-49b7-a338-a90ffe160588,2
20160718,volvo,xc90,id=1b33708b-712c-41a9-b12e-cf80333b61fa,2
20160719,audi,q2,id=af75a64b-20e8-4dff-86dd-e998e0d66e34,2
20160719,honda,nsx,id=5d12dfd5-27ca-4bef-a5b4-fae40793bb38,2
20160719,renault,megane,id=1340072238542.658273.900,2
20160719,suzuki,sx4,id=2e996d4b-3d22-417b-8c1f-015079444a78,2
20160720,ford,focus,id=6dcd9180-a483-4ed3-957b-71dcbfb9f4bc,2
20160720,ford,s-max,id=1453996098218.936868.900,2
20160720,jaguar,f-pace,id=d9bcddc8-b61e-48f3-a3b1-08cc79ab408b,2
20160720,mazda,mazda3,id=a1042fcf-0e6b-4e7e-bfed-0577e8dd513e,2
20160720,nissan,note,id=e6d640cd-3347-4b74-bbec-465d6cc08e4e,2
20160720,nissan,qashqai,id=1373576448235.546351.900,2
20160720,volvo,xc90,id=1453996098218.936868.900,2
20160721,bmw,4 series gran coupe,id=4bc126f3-5d64-4855-8b4e-7357d8563e68,2
20160721,ford,focus,id=e99b4f87-51a3-4da6-a62b-629293723cd6,2
20160721,volkswagen,up!,id=015f83b8-ad6d-4709-996e-a07361b293fd,2
20160721,volkswagen,up!,id=2ea0a142-0036-4dd2-8db4-a63b3a97886a,2
20160721,volkswagen,up!,id=2eaad929-be95-4c39-a3f1-b2f1b3321f2f,2
20160721,volkswagen,up!,id=382d9a57-3538-4480-bebd-14e1b414e214,2
20160721,volkswagen,up!,id=48479f4e-e189-4b05-a4f7-073c3c35a59d,2
20160721,volkswagen,up!,id=71c5aed7-7111-4a60-9937-388540a2ef55,2
20160721,volkswagen,up!,id=82f16279-6d53-48b7-b411-8c863a094957,2
20160721,volkswagen,up!,id=913ad050-cca4-412b-be40-a2192b0f0cb9,2
20160721,volkswagen,up!,id=95341d09-ffcf-43d5-bf47-0b2aecf5ca00,2
20160721,volkswagen,up!,id=95b8ef3c-b483-48c4-97be-a4cd380d2069,2
20160721,volkswagen,up!,id=c3bbfe46-97c2-410c-a653-962d0907d989,2
20160721,volkswagen,up!,id=c716197f-6111-47cd-bd7a-458ccdb42daa,2
20160721,volkswagen,up!,id=f6df133a-4fb9-43ce-8e5b-792fe5d3bdac,2
20160722,audi,a6 saloon,id=37546.870625.707104.772,2
20160722,ford,fiesta,id=106db4bb-71f1-4117-876a-3a258b2c5a8a,2
20160722,honda,nsx,id=cc2cac05-b9b1-46d9-a012-be76bdd8d4e9,2
20160722,volkswagen,up!,id=03792713-b502-4465-85bc-3871e395b4d8,2
20160722,volkswagen,up!,id=08b9115a-527c-4936-840a-af1eb1f9c285,2
20160722,volkswagen,up!,id=2a28757c-b123-480a-ac8f-ae5c59c7f5ec,2
20160722,volkswagen,up!,id=311a3d58-3006-492c-893c-56105f51d010,2
20160722,volkswagen,up!,id=4c8c8e66-7c77-4a94-982c-5b9575e74867,2
20160722,volkswagen,up!,id=768b5bbc-f2df-4b87-9925-e9915206265c,2
20160722,volkswagen,up!,id=7b9db09b-8233-485d-837e-534a59dfed7e,2
20160722,volkswagen,up!,id=93fe0769-0e2a-444a-8493-1cd1901f8173,2
20160722,volkswagen,up!,id=d6d7bbe2-934c-4874-9565-00a30b6ada90,2
20160722,volkswagen,up!,id=e8efeba8-9d43-4b9b-a502-c624129a37a5,2
20160722,volkswagen,up!,id=fd890e0b-7f3d-4e03-a705-2be360764c53,2
20160723,citroen,ds3,id=36756.4963541667.960,2
20160723,renault,clio,id=1320069301207.757376.900,2
20160723,renault,megane,id=71d34db5-8feb-492c-bab5-a21484ad90af,2
20160723,volkswagen,beetle,id=1393422634095.77312.900,2
20160723,volkswagen,up!,id=09cad1e0-9470-4982-aceb-c034ebe77980,2
20160723,volkswagen,up!,id=0aee5665-c155-40f5-93e0-54893386cd53,2
20160723,volkswagen,up!,id=1b6ab48e-97ff-4300-b3ad-6d8bd8c114e5,2
20160723,volkswagen,up!,id=281a8e1f-bddb-474e-8b60-fc48348b38b4,2
20160723,volkswagen,up!,id=578e2d70-053a-492b-8a6a-5e0c13f99c85,2
20160723,volkswagen,up!,id=5c874944-156e-4d89-a1de-3555a6851533,2
20160723,volkswagen,up!,id=6f849fae-1d20-41d8-b48d-042b10b8e455,2
20160723,volkswagen,up!,id=70393c75-217d-48e2-a57a-c641ec6542df,2
20160723,volkswagen,up!,id=7ef6fa06-7918-4d87-a702-6a66d3ad64ab,2
20160723,volkswagen,up!,id=8b67948c-20e2-4297-8a61-b171c56f2674,2
20160723,volkswagen,up!,id=943f40ae-f6ba-4d9f-8d35-376270e04d8a,2
20160723,volkswagen,up!,id=e53670ef-8808-4676-b1a9-088c392436da,2
20160723,volkswagen,up!,id=f9097690-0291-49e9-9aec-67634c5e4766,2
20160724,audi,a3,id=3a84ee61-7a75-458d-be8e-0d36a8303fe2,2
20160724,renault,megane,id=86c385f9-dbd6-40ae-a534-daf2d85e64f2,2
20160724,volkswagen,golf,id=f697dd48-89a4-4934-a2b7-c6dc8500b1e0,2
20160724,volkswagen,up!,id=bc21474e-6f63-4937-9034-cc82cdf7bf74,2
20160725,bmw,3 series,id=6503998d-ea7c-4937-9209-de31f5948f5c,2
20160725,citroen,ds3 cabrio,id=a4342872-41ff-4dbf-8c67-be76e6e1b139,2
20160725,hyundai,ioniq,id=1385442448222.242218.900,2
20160725,mini,clubman,id=1270833853787.426357.814,2
20160725,volkswagen,up!,id=0665bf1c-3a8f-4ac3-9aba-66f707962a61,2
20160726,volkswagen,scirocco,id=1373757973180.610352.900,2
20160727,audi,rs3,id=ceb0418a-1a19-4c09-bbe4-447cb9c8cfa8,2
20160727,ford,fiesta,id=bd532c2a-1f7e-44b0-97fe-2a99fac95099,2
20160727,mazda,mazda3,id=1357833823990.113220.900,2
20160727,renault,megane,id=4c29b9bd-4d88-4ab9-aa7a-326073639a4f,2
20160727,vauxhall,mokka,id=1351346614953.188698.900,2
20160727,volkswagen,cc,id=082cbc9d-d92a-46d5-9328-e3b29e9b0f4f,2
20160728,ford,fiesta,id=13b1e127-0bf5-493d-a64a-0814c6e6192b,2
20160728,peugeot,308,id=1388421335734.74388.900,2
20160728,suzuki,swift,id=1319141631246.860000.211,2
20160728,toyota,hilux,id=86c385f9-dbd6-40ae-a534-daf2d85e64f2,2
20160728,volkswagen,up!,id=5b8b4279-6910-4b42-a970-f71576940ee5,2
20160729,ford,fiesta,id=f71cb5b7-fde5-4b7f-bfda-0bb2255d4585,2
20160729,ford,s-max,id=1286377270148.50767.948,2
20160729,honda,nsx,id=1303881441249.710611.24,2
20160729,honda,nsx,id=1414146480896.609093.900,2
20160729,mercedes-benz,a class,id=1439229328203.866925.900,2
20160729,mitsubishi,outlander,id=38c4ac87-8c19-473e-bd40-0a4bca11d305,2
20160729,nissan,qashqai,id=1443319852964.355173.900,2
20160729,toyota,hilux,id=2f6db7ca-eba8-4ca9-b6ad-d3d63c6f43c9,2
20160729,vauxhall,astra,id=1452349960254.512384.900,2
20160729,volkswagen,scirocco,id=1389391644137.327890.900,2
20160729,volkswagen,up!,id=1285924734300.393157.900,2
20160730,ford,fiesta,id=7525cfdd-1dd2-443f-b01a-ca150c1904f6,2
20160730,land rover,range rover evoque,id=1137359543103.223110.999,2
20160730,volkswagen,beetle,id=86c385f9-dbd6-40ae-a534-daf2d85e64f2,2
20160730,volkswagen,up!,id=98d8cfdb-ab51-470f-944e-123a42da0fe5,2
20160731,jaguar,xf,id=1371335865549.904313.900,2
20160731,toyota,hilux,id=55857ace-c7c5-45d0-a3b3-5c53a565cb1d,2
20160731,volkswagen,up!,id=8b63d607-fdb9-4dd8-aac8-53769ee54f48,2
20160701,abarth,500,id=2332fb22-74d6-414a-bb56-e0b5ef8fe325,1
20160701,abarth,500,id=4b9194dc-b411-4a85-9f30-4949c61aa905,1
20160701,abarth,500,id=5ef5a663-7799-4bfc-a1b3-cb030ee86ab8,1
20160701,abarth,500,id=c420632f-46c1-459f-a435-62f176b658e2,1
20160701,abarth,500,id=e3572f3d-1db9-461e-8664-3a9949fb0e3a,1
20160701,abarth,500,id=e38eba4c-5926-4a2e-8903-882a651a72e1,1
20160701,abarth,500,id=f9cdc19b-95a4-46e9-a22b-2140da2063e1,1
20160701,abarth,500c,id=203a93dd-367b-49c8-ab1f-03e8897b3c80,1
20160701,abarth,500c,id=274701f3-4f9e-417d-b404-32a67ea10c3f,1
20160701,abarth,500c,id=44134d90-f211-4b57-90a0-a9e70d73e592,1
20160701,abarth,500c,id=d021d6e6-522a-4fbd-a852-620db08fb3eb,1
20160701,abarth,500c,id=e71acf47-8ad5-4fb0-a06d-2edb5144ceac,1
20160701,abarth,punto evo,id=814bcb3a-4457-4e3f-81b0-52b15d27d2a5,1
20160701,alfa romeo,159,id=2f8b5e5e-f67b-4ceb-b0d3-5035f17154bc,1
20160701,alfa romeo,159,id=3325cb1f-e717-4a9a-a40d-162694743f0a,1
20160701,alfa romeo,159,id=5a998903-cb49-40fb-a71c-ebeddb6f828f,1
20160701,alfa romeo,159,id=f41ee185-0cbc-4179-96e9-d10b41916195,1
20160701,alfa romeo,159 sportwagon,id=1451342708993.698628.900,1
20160701,alfa romeo,159 sportwagon,id=2ebcf5fd-1f87-4c85-b4b7-da4b14420909,1
20160701,alfa romeo,159 sportwagon,id=ffaed51f-0814-4104-9832-5b10aa3a934e,1
20160701,alfa romeo,4c,id=3bd1bedd-da61-4bc5-9268-ebb0a5cd176a,1
20160701,alfa romeo,brera,id=075ea17a-e2ce-4d2d-b48a-b39790106778,1
20160701,alfa romeo,brera,id=1451342708993.698628.900,1
20160701,alfa romeo,brera,id=1fe3fcc6-0071-495f-9958-e04415c360c5,1
20160701,alfa romeo,brera,id=21b3c7ec-7f67-4e81-bb5f-e4bfb780b8c5,1
20160701,alfa romeo,brera,id=24f0a086-bf47-4a80-a578-dd19c958eceb,1
20160701,alfa romeo,brera,id=29d947d2-c4d6-40e2-ba91-52ebb25e4854,1
20160701,alfa romeo,brera,id=2eae92d1-0ed2-4578-982e-bbf5a7719a97,1
20160701,alfa romeo,brera,id=48892f1a-74a7-4022-a696-dd8ded1fbd87,1
20160701,alfa romeo,brera,id=82c5601b-380c-47d2-ae4c-c8d7dd1c23cf,1
20160701,alfa romeo,brera,id=88d9faeb-e2d6-4d65-9812-e401f32f8f64,1
20160701,alfa romeo,brera,id=8908da73-90cd-4b84-b562-cb1dcab66b65,1
20160701,alfa romeo,brera,id=8b9c57e5-f816-4915-b8f7-b7cf40800840,1
20160701,alfa romeo,brera,id=aae7aaf5-5297-4228-bb2e-d85dc5103660,1
20160701,alfa romeo,brera,id=b26b43d2-5c83-4e9b-823e-dd1b4bd558df,1
20160701,alfa romeo,brera,id=c7a5c5e6-73a8-4692-9cab-d21bbb3a5c08,1
20160701,alfa romeo,brera,id=d78d6070-d22f-40ca-b715-dd7b0aceb1cd,1
20160701,alfa romeo,brera,id=d985a2b3-f93f-49b2-9e64-2afb90b2ff86,1
20160701,alfa romeo,brera,id=ef92669f-5b90-44aa-b6a1-087991120fbf,1
20160701,alfa romeo,giulia,id=00831ab3-ac3b-4c4b-b8ea-b27fd08c8a34,1
20160701,alfa romeo,giulia,id=00a1bdcc-74a9-48ae-aa43-2f7156d8decf,1
20160701,alfa romeo,giulia,id=0114052b-5167-47e7-b746-ec95a6f3dfbe,1
20160701,alfa romeo,giulia,id=012762aa-f66f-426e-b593-14a650dad6ae,1
20160701,alfa romeo,giulia,id=034b7903-73a6-4dba-ac9b-a5a85c467df6,1
20160701,alfa romeo,giulia,id=063a0a04-0666-4fa1-b44c-1a3cc6a67502,1
20160701,alfa romeo,giulia,id=0800b3f0-6a48-4114-9731-0c1f27129a2e,1
20160701,alfa romeo,giulia,id=099bba13-1941-452c-9379-511cddaeaae2,1
20160701,alfa romeo,giulia,id=0d58ea52-9701-4b68-8c1e-27f8e1afb3f8,1
20160701,alfa romeo,giulia,id=0f9bc5e0-3b76-498c-9003-6689738d38fa,1
20160701,alfa romeo,giulia,id=102e2589-571f-485d-8b3a-af24777df373,1
20160701,alfa romeo,giulia,id=103df774-6a59-4010-8a0b-06a2e7d0295e,1
20160701,alfa romeo,giulia,id=1231116822290.485564.97,1
20160701,alfa romeo,giulia,id=125b037b-9190-4840-abb9-c2c4a28866ec,1
20160701,alfa romeo,giulia,id=12740af9-cf11-4c5a-96e0-49873347ccc3,1
20160701,alfa romeo,giulia,id=12f23857-585e-42df-9505-69cd5e167546,1
20160701,alfa romeo,giulia,id=1307778159650.839555.998,1
20160701,alfa romeo,giulia,id=1323345307383.554213.900,1
20160701,alfa romeo,giulia,id=1345312942174.30016.900,1
20160701,alfa romeo,giulia,id=1368741401319.161614.900,1
20160701,alfa romeo,giulia,id=137aeb50-fd23-4cf4-b6e1-59b5ae171e7c,1
20160701,alfa romeo,giulia,id=1412717532083.682306.900,1
20160701,alfa romeo,giulia,id=1425354009392.484172.900,1
20160701,alfa romeo,giulia,id=1426624939876.174968.900,1
20160701,alfa romeo,giulia,id=1435850438733.620424.900,1
20160701,alfa romeo,giulia,id=1446331650749.21254.900,1
20160701,alfa romeo,giulia,id=1450165209974.283465.900,1
20160701,alfa romeo,giulia,id=15a55695-3e0e-4ff7-a7f6-120a2c63a4d2,1
20160701,alfa romeo,giulia,id=15cd88de-443b-42ec-bad9-08e25d0dc30a,1
20160701,alfa romeo,giulia,id=15d7f213-e692-4cad-9998-f84b3111aa3b,1
20160701,alfa romeo,giulia,id=16c232b0-cd88-4cea-89ee-32f70eacc186,1
20160701,alfa romeo,giulia,id=171354ee-a9df-4cea-9405-0664804fbc73,1
20160701,alfa romeo,giulia,id=18144901-58e6-45bb-b4ab-fa404fac49e9,1
20160701,alfa romeo,giulia,id=18a97a7c-3524-41ce-b240-c7d8ec6e8abc,1
20160701,alfa romeo,giulia,id=1a6cafd1-ce2c-43bb-91e0-0ec33c926e1e,1
20160701,alfa romeo,giulia,id=1b5216b6-b3c1-4365-8627-7257c784f202,1
20160701,alfa romeo,giulia,id=1c4f8f56-4d6c-4b42-8bfb-45e50595fb8a,1
20160701,alfa romeo,giulia,id=1c9ad9f1-f163-4370-a103-df80a5424bb0,1
20160701,alfa romeo,giulia,id=1df7a9b6-5633-4b71-9e85-dba022e1c69f,1
20160701,alfa romeo,giulia,id=1e5d336c-1c7e-4bbe-9d70-dd1c91321e92,1
20160701,alfa romeo,giulia,id=1f0934e1-7eba-492a-b636-0b1d8787cd58,1
20160701,alfa romeo,giulia,id=1fc5849c-6af0-4524-a34b-36a713151a78,1
20160701,alfa romeo,giulia,id=2025d8ad-8ec5-445a-aeb0-346b4b963692,1
20160701,alfa romeo,giulia,id=202d8ba9-674e-4c36-aec7-43e2d55b7c90,1
20160701,alfa romeo,giulia,id=20927c48-dab8-4f47-ae0d-271e6d8b9e2a,1
20160701,alfa romeo,giulia,id=238fcd0c-a65c-4b4d-89c0-403ed9f5417a,1
20160701,alfa romeo,giulia,id=23e410d1-77a1-4c78-9f9d-9ee52b5dd675,1
20160701,alfa romeo,giulia,id=26384380-24cd-4cdb-8814-3970a03e69f6,1
20160701,alfa romeo,giulia,id=267385a2-f759-4eb2-a1da-80245b19187c,1
20160701,alfa romeo,giulia,id=26b14326-5ab5-4db1-a8ce-3747d211cdf8,1
20160701,alfa romeo,giulia,id=28569ddb-00ce-42cf-a2cd-05849db7e382,1
20160701,alfa romeo,giulia,id=28e5a456-b9cb-486d-9677-cd93277657b4,1
20160701,alfa romeo,giulia,id=2a9bd798-3e28-41e7-81df-fce19dd159b4,1
20160701,alfa romeo,giulia,id=2e165c54-0cd0-43c8-84be-1f5bddd47b1b,1
20160701,alfa romeo,giulia,id=2f373f91-eea7-4c92-85c8-9f90550e546d,1
20160701,alfa romeo,giulia,id=30eafdb0-1834-48bf-991a-0fabad579c88,1
20160701,alfa romeo,giulia,id=328efc99-b24d-4291-b301-1c42c4aceff8,1
20160701,alfa romeo,giulia,id=32de79dd-5a91-47ee-bd96-807e7ae109a0,1
20160701,alfa romeo,giulia,id=359f7975-fbae-4673-a019-ee8c1e9ee409,1
20160701,alfa romeo,giulia,id=36788.9287384259.125,1
20160701,alfa romeo,giulia,id=380a94ba-77ab-4f58-9fac-d5fc2d3e60ba,1
20160701,alfa romeo,giulia,id=383f3a08-a7ea-4950-96ac-18bfba9be6b6,1
20160701,alfa romeo,giulia,id=38ff6989-a196-47a7-9a27-bd386fb66ad2,1
20160701,alfa romeo,giulia,id=39521d9d-4231-40bb-9ec6-04860424c1c9,1
20160701,alfa romeo,giulia,id=39a99c02-cbaa-4009-9fe3-684b95106d45,1
20160701,alfa romeo,giulia,id=39acb682-ea63-4c25-a8e9-02b3b9e60ef9,1
20160701,alfa romeo,giulia,id=3c9e6f1a-c39f-44db-af2b-1a0c499de138,1
20160701,alfa romeo,giulia,id=3d048396-41bd-43bd-8dee-dee4130f2ad0,1
20160701,alfa romeo,giulia,id=3eea57e0-f7d9-42c4-ab42-6f6e6df9654d,1
20160701,alfa romeo,giulia,id=40240791-6c19-4cbb-84bd-e83f55ed54a9,1
20160701,alfa romeo,giulia,id=415057c6-2f87-4cda-8826-5985f5672909,1
20160701,alfa romeo,giulia,id=421536d9-28b8-482b-908c-0d81e4301176,1
20160701,alfa romeo,giulia,id=427b798d-dc0d-4660-a46b-4ad00e634dda,1
20160701,alfa romeo,giulia,id=44239dce-8309-4200-87f7-755ddf0f0f3f,1
20160701,alfa romeo,giulia,id=447de43d-6566-463d-af88-66bd6577fdac,1
20160701,alfa romeo,giulia,id=452f24b5-8833-4eb8-9ca7-5c7761c2c497,1
20160701,alfa romeo,giulia,id=47910d6f-b7e8-4e6a-a94f-723c7ad79b64,1
20160701,alfa romeo,giulia,id=4894a262-25f9-4dd0-ba17-301f043c7aa4,1
20160701,alfa romeo,giulia,id=48b6e012-a93a-4cc5-85a3-9cc298b777b9,1
20160701,alfa romeo,giulia,id=49835548-dd4e-45d6-b2c1-e6995274a7e7,1
20160701,alfa romeo,giulia,id=4bf0c27c-00ca-4c7a-a3c2-da40fd1afba0,1
20160701,alfa romeo,giulia,id=4e0dc4c5-6aad-4413-a8bc-0f61058bd62d,1
20160701,alfa romeo,giulia,id=4fcb3336-a76e-4341-8326-07d5b5fa5043,1
20160701,alfa romeo,giulia,id=5006c0f9-2f39-44fa-b8a9-fe35e9e49932,1
20160701,alfa romeo,giulia,id=51fe3cf3-9836-44ea-8715-4c46ba6d93f7,1
20160701,alfa romeo,giulia,id=53f41840-d04a-47f0-85a3-5283200c21ed,1
20160701,alfa romeo,giulia,id=540450e6-d5f7-4397-b4b3-f5ca2e8cff3a,1
20160701,alfa romeo,giulia,id=540f13ef-28b0-4aa0-a70f-04f3f27284fd,1
20160701,alfa romeo,giulia,id=5447c38e-b52a-481e-83ca-34e0d806a7a1,1
20160701,alfa romeo,giulia,id=5465e2dc-3a11-4734-9245-da97353902b6,1
20160701,alfa romeo,giulia,id=582693dd-31a6-43a7-8580-f9cf77c61f6e,1
20160701,alfa romeo,giulia,id=586d758e-f4ef-49f7-8b15-b6c06fdd3516,1
20160701,alfa romeo,giulia,id=5a288fbe-e645-433b-8608-28f78d44eb84,1
20160701,alfa romeo,giulia,id=5a480a00-079f-4cff-8c5f-011f980177ac,1
20160701,alfa romeo,giulia,id=5c3c7220-981d-41b7-b6cd-df3c246b878b,1
20160701,alfa romeo,giulia,id=5c8d01af-70a6-4a94-8dcc-ec864fd998b8,1
20160701,alfa romeo,giulia,id=5e199043-d8f8-4158-a307-57f2225eebe7,1
20160701,alfa romeo,giulia,id=5ebef9aa-19a6-405b-aa30-c855e811a792,1
20160701,alfa romeo,giulia,id=606a5278-06ee-4a88-b54f-80d7c3ec9f4a,1
20160701,alfa romeo,giulia,id=6243bf30-1858-495c-8ef8-87d372cf57e7,1
20160701,alfa romeo,giulia,id=629bb8df-1c28-4944-88ac-c51e16b2e087,1
20160701,alfa romeo,giulia,id=62b10224-0f23-4261-8a20-a0fc1440e035,1
20160701,alfa romeo,giulia,id=62ece7cd-c9c1-4f88-b5c7-8bf2fb4bcf40,1
20160701,alfa romeo,giulia,id=67784f03-de92-4c39-a726-1b3bc868d629,1
20160701,alfa romeo,giulia,id=67f22c60-9b09-4fe8-bdf2-f10801d3e479,1
20160701,alfa romeo,giulia,id=67fa4d7b-c155-45dd-9e4a-cc60dc72c81e,1
20160701,alfa romeo,giulia,id=68105ac7-56f9-4c86-a548-cadde2fe28f8,1
20160701,alfa romeo,giulia,id=68ebeeb3-ed50-4f78-bb8f-57bab8314b2c,1
20160701,alfa romeo,giulia,id=698109ed-b716-407d-977a-cdcec03e2027,1
20160701,alfa romeo,giulia,id=6a91a0cc-dc24-426c-a635-afebbe35bfe4,1
20160701,alfa romeo,giulia,id=6a9f8b39-0330-4e58-982c-30e1fc7c8fd4,1
20160701,alfa romeo,giulia,id=6b457ea4-48a1-4a8b-9b62-659a6516bc2c,1
20160701,alfa romeo,giulia,id=6ca816ce-c6b4-42b6-971b-fabe39328a0b,1
20160701,alfa romeo,giulia,id=6d2fb628-3e8e-48c2-862a-cb43cf3db37d,1
20160701,alfa romeo,giulia,id=6db786ae-eb4e-4162-a90b-3a1a35fe5fed,1
20160701,alfa romeo,giulia,id=6dff9674-e993-4bd5-859d-c936c5b57fda,1
20160701,alfa romeo,giulia,id=6f0d8a40-fe9e-46df-ad64-1ef5ed2292bd,1
20160701,alfa romeo,giulia,id=6fbe4d69-dd7b-4cdf-bc24-7da7beecf2ac,1
20160701,alfa romeo,giulia,id=72339e6c-b2d7-4d65-b355-7babf0ee5195,1
20160701,alfa romeo,giulia,id=75c5199f-d866-49bc-8497-d92ce1ec265d,1
20160701,alfa romeo,giulia,id=76e7bb8c-33eb-44dd-8ea7-5653b5cb1b15,1
20160701,alfa romeo,giulia,id=7742a2dd-d267-4f7f-af56-ccd68b4c2d7f,1
20160701,alfa romeo,giulia,id=798ccbca-9e22-4881-911b-7c04c82ce416,1
20160701,alfa romeo,giulia,id=79fbea38-dbad-4730-b31e-e43b40b35446,1
20160701,alfa romeo,giulia,id=7ba59fc5-a35a-4daf-b5e4-67f3d7d20c02,1
20160701,alfa romeo,giulia,id=7d8a62d5-6090-41c2-84cd-b6a9fd7c92e5,1
20160701,alfa romeo,giulia,id=7de8324d-712d-4c4e-97a9-f403dab3afcb,1
20160701,alfa romeo,giulia,id=813bb913-d4db-4c81-b09d-d4872e7d532f,1
20160701,alfa romeo,giulia,id=8238bac9-2808-440f-bb80-645c1d68dfaf,1
20160701,alfa romeo,giulia,id=82575133-a851-4d8e-8af7-e5282280cb4d,1
20160701,alfa romeo,giulia,id=8539e0aa-0323-4bf8-875e-ca5605436772,1
20160701,alfa romeo,giulia,id=8564b80d-6a7b-4867-83f7-563173cfa8c6,1
20160701,alfa romeo,giulia,id=86a16523-565c-42ca-a722-d52528f40a1a,1
20160701,alfa romeo,giulia,id=86c385f9-dbd6-40ae-a534-daf2d85e64f2,1
20160701,alfa romeo,giulia,id=8ac23942-e89b-46e8-978e-8178ddad5bb9,1
20160701,alfa romeo,giulia,id=8c2fdb36-cf81-4048-bd11-272a590ba3cd,1
20160701,alfa romeo,giulia,id=8cb348fa-c214-4e35-b685-a6f82d205366,1
20160701,alfa romeo,giulia,id=8dccc798-e5cf-425c-8fd3-63cbe014e5a8,1
20160701,alfa romeo,giulia,id=8e42d897-9a73-49e5-ab2f-574fa67af435,1
20160701,alfa romeo,giulia,id=8e8fc286-a06d-4d43-93da-f7875cb63452,1
20160701,alfa romeo,giulia,id=901f13df-eb7a-4663-8425-4dac722d6ec4,1
20160701,alfa romeo,giulia,id=91fca51b-b3e5-4f07-8afe-3f0bfaedd3ae,1
20160701,alfa romeo,giulia,id=965db5b3-a429-4b86-8fad-28092074b993,1
20160701,alfa romeo,giulia,id=96e96eda-015e-434d-90b5-4683cbcafd2f,1
20160701,alfa romeo,giulia,id=9abfd3ac-810b-414a-8e6b-35d331089bff,1
20160701,alfa romeo,giulia,id=9b204c66-b9f5-4d20-adde-40a6b2213f0c,1
20160701,alfa romeo,giulia,id=9b842855-5591-4c04-a039-16bb3863eb43,1
20160701,alfa romeo,giulia,id=9dcd1868-9f9d-4d7a-ac42-29f234e78a0d,1
20160701,alfa romeo,giulia,id=9ed43bbd-aec1-4ff5-bf23-e9502d75d1f9,1
20160701,alfa romeo,giulia,id=9f619473-03d0-4c3f-911d-52a5f9474eb6,1
20160701,alfa romeo,giulia,id=9f649571-0dca-4c3e-9134-5075600b3751,1
20160701,alfa romeo,giulia,id=a0051dd5-c58a-4395-8e13-035ca166443d,1
20160701,alfa romeo,giulia,id=a03fbc5b-da61-4e36-a3a2-2683d742e29c,1
20160701,alfa romeo,giulia,id=a2b314d7-c2fe-4a4f-80b9-0cab60704925,1
20160701,alfa romeo,giulia,id=a5a220e4-7219-4988-81ef-aff8b130b475,1
20160701,alfa romeo,giulia,id=a9e08536-be75-4d71-88c5-7334c3068a95,1
20160701,alfa romeo,giulia,id=ae8c41f1-f4b1-47e8-86c8-bef1d6933e6e,1
20160701,alfa romeo,giulia,id=b017c441-49fb-48ce-bd68-7235dcdabc0e,1
20160701,alfa romeo,giulia,id=b173c839-d04a-4665-b5e4-df232c78dc94,1
20160701,alfa romeo,giulia,id=b26599bb-715f-41d2-bd53-10116d4f933c,1
20160701,alfa romeo,giulia,id=b2f0b2bd-df6f-425c-9130-7522dfbf81ea,1
20160701,alfa romeo,giulia,id=b397adf8-f16c-4b05-901a-0ba520b2f214,1
20160701,alfa romeo,giulia,id=b75c47a8-bd40-49f7-a287-2f750eb61dfd,1
20160701,alfa romeo,giulia,id=b8272b0a-c51f-4dcc-8b09-03c5f9b084ec,1
20160701,alfa romeo,giulia,id=b8aed7aa-c6be-4b0c-8d40-ee4b12a4886f,1
20160701,alfa romeo,giulia,id=b94e224f-c52d-4e45-835e-55af7a603192,1
20160701,alfa romeo,giulia,id=b9de3820-346e-47da-87bd-286968ec2224,1
20160701,alfa romeo,giulia,id=bc865f50-0e7e-4a78-b037-8bd84205c920,1
20160701,alfa romeo,giulia,id=bea1d6bb-98e3-4bda-acb4-03cca77aa959,1
20160701,alfa romeo,giulia,id=c176e88f-1270-4420-8287-26388beedb48,1
20160701,alfa romeo,giulia,id=c2f184c8-58e3-4073-8186-38998b835a40,1
20160701,alfa romeo,giulia,id=c431d49b-e2a3-4ff5-bd8a-c08a04e6e52c,1
20160701,alfa romeo,giulia,id=c51618e0-5037-46ec-b26f-607f1824035a,1
20160701,alfa romeo,giulia,id=c685b75c-8979-4c58-8032-c4293ed10995,1
20160701,alfa romeo,giulia,id=cd033f76-4da3-4d03-a2ae-0c9e1d7ea184,1
20160701,alfa romeo,giulia,id=cfff8422-d53c-4feb-a897-98752bd8d011,1
20160701,alfa romeo,giulia,id=d1eafd46-51a3-4473-bc93-89e3ed58ad96,1
20160701,alfa romeo,giulia,id=d36d4286-d26a-4654-bb19-ded4c5a1bdf2,1
20160701,alfa romeo,giulia,id=d635f6dc-8ad5-49d7-8787-1ccdce97fd2e,1
20160701,alfa romeo,giulia,id=d8e43b96-9ee9-4967-aa6f-d8ad3162bbed,1
20160701,alfa romeo,giulia,id=da8a31d2-eadd-430c-9688-47f369556bca,1
20160701,alfa romeo,giulia,id=dc09d90d-2691-4e19-894c-c24a31f94a8b,1
20160701,alfa romeo,giulia,id=dc2bfe22-8349-46f0-bbd3-4b0d1c56f301,1
20160701,alfa romeo,giulia,id=df6a0894-849a-48ca-8eaa-50b466fae93a,1
20160701,alfa romeo,giulia,id=dfc69315-2154-4354-9fd2-b15c0b9dc615,1
20160701,alfa romeo,giulia,id=e029fff1-a1fe-4351-8a45-f7b8b88b5064,1
20160701,alfa romeo,giulia,id=e0401d41-538e-43cf-a22b-46b6b29e1b75,1
20160701,alfa romeo,giulia,id=e0b5ff2e-8f67-4881-a907-256fd9fd28d0,1
20160701,alfa romeo,giulia,id=e0f278b0-90bc-4bf0-bd05-1008994a07ac,1
20160701,alfa romeo,giulia,id=e10231da-7d47-449d-8e5a-2f4e1cc8bed1,1
20160701,alfa romeo,giulia,id=e25393f8-c188-462c-9d4c-d24d98af7550,1
20160701,alfa romeo,giulia,id=e56052d9-f92d-45c0-ad16-5f738d7874f6,1
20160701,alfa romeo,giulia,id=e653f67a-bcf1-4240-983f-dd1afed2ef2b,1
20160701,alfa romeo,giulia,id=ed7a1808-ea0e-45cf-b7b5-1c2d21407339,1
20160701,alfa romeo,giulia,id=ef1760a9-110b-4ffc-bd34-bd37a9003028,1
20160701,alfa romeo,giulia,id=ef20dae3-a07c-4ac9-9c91-1701a641f385,1
20160701,alfa romeo,giulia,id=f038d519-ef30-4478-8160-c146f8bd34c7,1
20160701,alfa romeo,giulia,id=f2de6a80-9253-4a7f-b972-182e1480d90f,1
20160701,alfa romeo,giulia,id=f405db3f-2ab9-40c8-b415-96ca87428d56,1
20160701,alfa romeo,giulia,id=f569783e-8885-4c46-ab14-8823ef0b6470,1
20160701,alfa romeo,giulia,id=f6f17781-3056-4780-8986-302c6dda606d,1
20160701,alfa romeo,giulia,id=f731341c-8270-4d40-bf2b-8dd9003791e3,1
20160701,alfa romeo,giulia,id=f80b0f5f-6b2e-48e1-8fec-ee87fcbbe1ad,1
20160701,alfa romeo,giulia,id=f8e4dde8-ce52-42ec-bb17-c2a16f279a86,1
20160701,alfa romeo,giulia,id=fa05ea71-9ca0-4702-bf68-440a0ac37af7,1
20160701,alfa romeo,giulia,id=fa61da86-e012-45ef-9e1b-b3bf5452967f,1
20160701,alfa romeo,giulia,id=fa99ca4d-a93b-4715-8bcf-7d541236a224,1
20160701,alfa romeo,giulia,id=facf22ed-7499-4faa-a009-8693c7f226e4,1
20160701,alfa romeo,giulia,id=fdad288b-81c9-4b5b-96a7-cc6914bee4c4,1
20160701,alfa romeo,giulia,id=ff61d12f-cdd3-4767-95a0-5ccdb5fe3d1c,1
20160701,alfa romeo,giulietta,id=04da24d7-7a0c-4713-b979-4425c0e55a68,1
20160701,alfa romeo,giulietta,id=05683559-8a92-4864-986a-38e4d6d1652a,1
20160701,alfa romeo,giulietta,id=0c33b11d-44a9-4195-953f-5211c68ed973,1
20160701,alfa romeo,giulietta,id=1126617569502.716111.912,1
20160701,alfa romeo,giulietta,id=1376511713843.12822.900,1
20160701,alfa romeo,giulietta,id=140bd7e9-863c-433c-b955-49475d4650e1,1
20160701,alfa romeo,giulietta,id=1459083599774.78343.900,1
20160701,alfa romeo,giulietta,id=158e3dd1-eb02-4f0c-b968-859f308bca30,1
20160701,alfa romeo,giulietta,id=16673740-ab21-4c1b-8262-60363e1feafb,1
20160701,alfa romeo,giulietta,id=17ee8475-f35a-43c9-80bd-5f0478da0913,1
20160701,alfa romeo,giulietta,id=1c8f930f-d07f-4aaa-b91c-6971932d74de,1
20160701,alfa romeo,giulietta,id=1fd3f668-ea53-4c5b-a27f-34ec59f76182,1
20160701,alfa romeo,giulietta,id=368805e8-a7bb-462d-b511-926a750c4981,1
20160701,alfa romeo,giulietta,id=3e316dbb-582d-48eb-86ac-f525dcd98ed1,1
20160701,alfa romeo,giulietta,id=3ece82d7-43da-4895-b164-3487e2ce725d,1
20160701,alfa romeo,giulietta,id=3f96bb8f-5191-4dba-ad96-9919a23cc2df,1
20160701,alfa romeo,giulietta,id=460d7c60-e0e0-44f7-82d4-8a53b0e369cb,1
20160701,alfa romeo,giulietta,id=46df323c-b31d-477b-b024-1d612cf4d9f0,1
20160701,alfa romeo,giulietta,id=4a5f0c36-d820-45a7-9e3c-7533a13a7d0a,1
20160701,alfa romeo,giulietta,id=5f1b79a8-8a08-45ca-be2a-a79785ceb390,1
20160701,alfa romeo,giulietta,id=6478b860-6c67-40b1-8262-8eade2bbfa7b,1
20160701,alfa romeo,giulietta,id=68efcf03-0b84-4e08-a3ab-6c9177c4efca,1
20160701,alfa romeo,giulietta,id=6bd5bf1a-cd18-49a9-af7f-2c62bbe6f7aa,1
20160701,alfa romeo,giulietta,id=6e45b54f-ee1c-4e5e-9bad-cc7f3a406b05,1
20160701,alfa romeo,giulietta,id=8335f655-46df-4834-bd09-7914e3907092,1
20160701,alfa romeo,giulietta,id=88d9faeb-e2d6-4d65-9812-e401f32f8f64,1
20160701,alfa romeo,giulietta,id=9165fc1a-c9d6-469f-901f-e0f484d310a6,1
20160701,alfa romeo,giulietta,id=9fa74141-2d5f-4719-a1bb-e0c065d480bb,1
20160701,alfa romeo,giulietta,id=a17ed3eb-f975-40af-a404-6aeddfdb02a1,1
20160701,alfa romeo,giulietta,id=b256cb03-f197-4f55-8f82-0cf17f635a89,1
20160701,alfa romeo,giulietta,id=ba98a55c-1b0c-44eb-a6f4-bbef8237f323,1
20160701,alfa romeo,giulietta,id=c93609f2-9f8f-4fd4-8b24-2470fd2ba66a,1
20160701,alfa romeo,giulietta,id=cf571ce5-4e41-4977-9593-e6e41b7d2b69,1
20160701,alfa romeo,giulietta,id=e653f67a-bcf1-4240-983f-dd1afed2ef2b,1
20160701,alfa romeo,giulietta,id=f250dec5-bebe-4932-9d6e-804dda6da281,1
20160701,alfa romeo,giulietta,id=f41ee185-0cbc-4179-96e9-d10b41916195,1
20160701,alfa romeo,giulietta,id=f49c8431-ce28-46fa-956d-10698cbc7619,1
20160701,alfa romeo,giulietta,id=f92e6298-3362-4ec9-8f1a-6383c60e3e87,1
20160701,alfa romeo,giulietta,id=f982ce64-8aad-467b-bdb1-2d391a36986e,1
20160701,alfa romeo,giulietta,id=fb81a30e-b483-45b1-ae61-aa5609a12775,1
20160701,alfa romeo,gt,id=03a53291-add8-4796-90c8-53828ecd64ef,1
20160701,alfa romeo,gt,id=1283cec2-7a58-47d3-b4b5-1edf977e0fbb,1
20160701,alfa romeo,gt,id=1451342708993.698628.900,1
20160701,alfa romeo,gt,id=1a6b8875-b768-40e7-a3f7-bceae8b7ad15,1
20160701,alfa romeo,gt,id=421eaead-9a96-4e77-bcde-08adb5f2db60,1
20160701,alfa romeo,gt,id=533d01c1-4e4e-41c1-a041-60483273307b,1
20160701,alfa romeo,gt,id=5e9d2ab5-8e62-421f-b16d-d40a8ba0eb6a,1
20160701,alfa romeo,gt,id=60bd4dbc-4087-45ad-8c20-911926b5698f,1
20160701,alfa romeo,gt,id=64612cb7-a346-485e-8b4e-82ecf46518c2,1
20160701,alfa romeo,gt,id=884ecc28-8edc-426b-9126-f07789673ff6,1
20160701,alfa romeo,gt,id=8e9fa85d-8d26-49d2-a135-9b99362b9063,1
20160701,alfa romeo,gt,id=9eb3fe70-c8e6-4dee-94bc-4d4bbb5750ab,1
20160701,alfa romeo,gt,id=a23d7c12-a1c6-46e9-81ba-2fcaca4a5693,1
20160701,alfa romeo,gt,id=bf7ed711-3aac-4ac4-8bf5-f0a82b297c5f,1
20160701,alfa romeo,mito,id=118d0829-2402-48ae-ba97-9b01c6e4141e,1
20160701,alfa romeo,mito,id=1414770254398.284320.900,1
20160701,alfa romeo,mito,id=1420474558172.909692.900,1
20160701,alfa romeo,mito,id=1420916291873.581296.900,1
20160701,alfa romeo,mito,id=2f10ed61-064c-4319-af98-1559bb2961cf,1
20160701,alfa romeo,mito,id=41636a93-550f-427a-8961-f625dee58eb1,1
20160701,alfa romeo,mito,id=46df323c-b31d-477b-b024-1d612cf4d9f0,1
20160701,alfa romeo,mito,id=4a9898c3-cf38-4a3c-9e58-3940e46c28f2,1
20160701,alfa romeo,mito,id=4f231a52-f56d-408d-90df-9f76554b2faf,1
20160701,alfa romeo,mito,id=4f4df3ec-fcd1-4117-b09f-bcc963f4c8c6,1
20160701,alfa romeo,mito,id=4f51e2d5-4f5d-44dc-9c1e-dbb5d153c2b4,1
20160701,alfa romeo,mito,id=77b07f15-880c-4cca-bbe3-1289f3e4bbd7,1
20160701,alfa romeo,mito,id=7df85900-f068-41e7-a56e-06ff845c777e,1
20160701,alfa romeo,mito,id=834c101b-2805-41d3-9aaf-a4ea3d5f9188,1
20160701,alfa romeo,mito,id=8a92c87a-411d-4b54-8233-afaaf3ba7c53,1
20160701,alfa romeo,mito,id=bc50c496-e8d9-4869-8f06-c798e8445d7c,1
20160701,alfa romeo,mito,id=bcdc1bdc-1d1a-4664-81db-0b5e7f4d5694,1
20160701,alfa romeo,mito,id=c228eb67-500f-4232-ac16-c388fb51c8f1,1
20160701,alfa romeo,mito,id=c310117e-7186-454a-86b0-051db399f1b6,1
20160701,alfa romeo,mito,id=c8d2127e-5318-4d74-bdf1-83fa9426ba42,1
20160701,alfa romeo,mito,id=d0c52316-af30-44cd-b95b-fff90a7d11bb,1
20160701,alfa romeo,mito,id=d429ee13-8de3-427c-94f8-92ad9f679425,1
20160701,alfa romeo,mito,id=d8d881d8-cf8f-488a-ad0d-734a392a8956,1
20160701,alfa romeo,mito,id=d930f438-b094-42cd-9750-7c04f3797e72,1
20160701,alfa romeo,mito,id=e38eba4c-5926-4a2e-8903-882a651a72e1,1
20160701,alfa romeo,mito,id=eec6e271-5345-48c5-b76e-e21617d8d0e8,1
20160701,alfa romeo,mito,id=f49c8431-ce28-46fa-956d-10698cbc7619,1
20160701,alfa romeo,mito,id=f57e0a53-922a-4032-bc3d-5e8d5aebfbb9,1
20160701,alfa romeo,spider,id=124efc9c-4ea2-4639-bd8e-ea85a91f6918,1
20160701,alfa romeo,spider,id=1421065689395.477460.900,1
20160701,alfa romeo,spider,id=1451342708993.698628.900,1
20160701,alfa romeo,spider,id=1bd172bf-c206-49ed-870d-468200c8e918,1
20160701,alfa romeo,spider,id=3129136a-7bf4-4f4a-90d3-17866751b271,1
20160701,alfa romeo,spider,id=47725289-eb72-413b-bfe2-df72faf4c968,1
20160701,alfa romeo,spider,id=6a641aeb-8c31-4fbe-92f0-72f0bcdbf45e,1
20160701,alfa romeo,spider,id=a66163f5-b220-40da-880e-c6c5f705fd45,1
20160701,alfa romeo,spider,id=c1c7f296-4f27-41da-9889-bf20e0f3133a,1
20160701,alfa romeo,spider,id=c6e6e0e6-7d26-45de-b523-adfbb47b4c53,1
20160701,alfa romeo,spider,id=d24fa7a8-ebd8-4a05-a2e7-6803ec53fbbc,1
20160701,alpina,d3,id=98451f05-4224-4286-9c05-8c67f2c7ef5a,1
20160701,alpina,d3,id=a5b871a0-03d7-4290-af9a-6fd70924bb26,1
20160701,alpina,d3,id=d1ec98dd-41b1-4d8f-8472-60ef4834b0b2,1
20160701,aston martin,db9,id=0584350c-fabd-4fc7-a018-6bdf0620675c,1
20160701,aston martin,db9,id=1b00343b-0f4a-4d14-a3af-b252a26029b7,1
20160701,aston martin,db9,id=1cb6a0ba-94f1-4f54-b52b-65cb1385e8e0,1
20160701,aston martin,db9,id=9d683e63-93d0-4083-8f7d-f08dce6e504d,1
20160701,aston martin,db9,id=a8d85d18-c2d1-4a14-bc38-694adc04f0b9,1
20160701,aston martin,rapide,id=343c8665-fc4d-43ff-9338-d700cd8a73e8,1
20160701,aston martin,rapide,id=3bf87e6c-d274-4a7a-b5fa-81f1cca46a2b,1
20160701,aston martin,rapide,id=4b38d7c5-b9d6-43a5-b2f2-9f3d75114612,1
20160701,aston martin,vantage,id=1ff330e8-f5a7-464b-aaf3-31068cff2df3,1
20160701,aston martin,vantage,id=322b5b2e-a3ad-4aef-98b3-9f148245d83e,1
20160701,aston martin,vantage,id=3237fa8b-ccb5-4218-866e-681cf9712620,1
20160701,aston martin,vantage,id=478b4ac5-5977-44c2-847f-4b5e7a7ae8a3,1
20160701,aston martin,vantage,id=49f5807e-be64-4772-a11b-5553b35bdf03,1
20160701,aston martin,vantage,id=725b6634-63a7-433b-b080-06a4a1d94406,1
20160701,aston martin,vantage,id=cdd342c8-a5bb-4a92-a810-1a83263d0c2d,1
20160701,aston martin,vantage,id=d20f082a-0777-4d70-a0fc-152d5a6fe4ac,1
20160701,aston martin,vantage,id=d78713e6-ba1d-46dd-9517-4fe308aec98c,1
20160701,audi,a1,id=052f5221-6212-4138-bda1-2bfdcd7f1fa4,1
20160701,audi,a1,id=0b952c75-0c78-4799-b51a-aab2fdea5b91,1
20160701,audi,a1,id=1207126632106.183956.331,1
20160701,audi,a1,id=1310e200-e3aa-4239-af7c-a73e86716bbf,1
20160701,audi,a1,id=1367872211228.698639.900,1
20160701,audi,a1,id=14d6bd31-edfa-46a1-a238-1de087d668ce,1
20160701,audi,a1,id=15023215-8562-4358-9ffc-cd6369304230,1
20160701,audi,a1,id=1c8f930f-d07f-4aaa-b91c-6971932d74de,1
20160701,audi,a1,id=1eda4e42-42a1-4cd7-9845-5f599edf9583,1
20160701,audi,a1,id=386b39ee-852e-48ac-b46a-cf6cc601ffd7,1
20160701,audi,a1,id=3b3e4e1d-d1f2-4d4b-b656-769ddc8cb2eb,1
20160701,audi,a1,id=511ab2aa-ed96-4905-b9b0-c3205ad712d5,1
20160701,audi,a1,id=5b42554d-4340-4156-84dc-bc323ddd24a8,1
20160701,audi,a1,id=611ed31d-f909-4a46-8337-090b3622514d,1
20160701,audi,a1,id=674d1579-a509-4d19-9a99-0ca5a4c811cb,1
20160701,audi,a1,id=7a1374d9-a6b7-42fa-a562-86a581b5839d,1
20160701,audi,a1,id=7ad8bf89-03f0-4f16-b358-252428164251,1
20160701,audi,a1,id=7ba19d4f-fc51-4c67-8ea0-f0dbaaa01f03,1
20160701,audi,a1,id=8149a86b-6693-4c5f-bb36-0c35208407d4,1
20160701,audi,a1,id=851c09ab-e0f4-491b-9acb-6a20ad7e166d,1
20160701,audi,a1,id=857484f2-e8a9-4e78-ba45-cb461bcbcdb2,1
20160701,audi,a1,id=8a802a80-4b0b-496c-902c-f3d093d938ec,1
20160701,audi,a1,id=92f7371b-735e-448a-b48a-1320124549cb,1
20160701,audi,a1,id=9b7b67fb-b519-42b4-b5cc-6debc533cfbc,1
20160701,audi,a1,id=a2f22379-0873-4248-99d9-ec641440c5aa,1
20160701,audi,a1,id=a4f93c54-0ad7-4a6a-8bd9-c2e23e4d878f,1
20160701,audi,a1,id=a58e4a3d-3f8c-4471-8957-c748618f3e92,1
20160701,audi,a1,id=bff9f132-b238-4353-8666-ce6e3a692c43,1
20160701,audi,a1,id=c4efd7b2-5c3d-4611-8ee0-e9a4b6bc3315,1
20160701,audi,a1,id=c70c8521-cecb-4c15-8d95-88ecef04e791,1
20160701,audi,a1,id=ccb19970-0f91-474b-934c-b1ad9e4410cc,1
20160701,audi,a1,id=cd9bf0f7-248f-4c01-b959-c36b95bd492e,1
20160701,audi,a1,id=ea1e0796-1f91-48b0-9056-7cb7621dfec7,1
20160701,audi,a1,id=effa1be6-f329-4e93-8ee6-e26b918f30b9,1
20160701,audi,a1,id=f440b913-396d-47ae-a95e-5c5e022168da,1
20160701,audi,a3,id=030dd350-36ff-45e1-8747-58fee3a5c720,1
20160701,audi,a3,id=059be00e-1147-4432-aa8c-0d0ec19fa488,1
20160701,audi,a3,id=073bc102-e5e8-440e-9724-92b67d3de5d5,1
20160701,audi,a3,id=0744c3d5-d174-47e3-9fec-d0918f38cefb,1
20160701,audi,a3,id=077211d3-ae69-4674-b567-eebead8aefc5,1
20160701,audi,a3,id=08210f2e-e778-4651-9214-d854501ca3ba,1
20160701,audi,a3,id=0a2dc09b-e045-450f-8679-9252a1c7d289,1
20160701,audi,a3,id=0e6f7d9f-d36a-4d3e-8c2a-e17152bfa186,1
20160701,audi,a3,id=1054659919492.625082.999,1
20160701,audi,a3,id=1095793193272.718499.999,1
20160701,audi,a3,id=1289420339592.826880.998,1
20160701,audi,a3,id=1320170313854.89083.900,1
20160701,audi,a3,id=1361956573865.39381.900,1
20160701,audi,a3,id=1370106966674.623236.900,1
20160701,audi,a3,id=1374108612760.252844.900,1
20160701,audi,a3,id=1376858702039.802551.900,1
20160701,audi,a3,id=1415917675237.759933.900,1
20160701,audi,a3,id=1423311737817.211951.900,1
20160701,audi,a3,id=1426021505219.575128.900,1
20160701,audi,a3,id=157ce725-ec4d-48d0-a5eb-9484035a34f4,1
20160701,audi,a3,id=15e4e052-654c-4760-a6ff-ebd570cb9fef,1
20160701,audi,a3,id=189b7cc3-e593-4848-b243-ae56dd585730,1
20160701,audi,a3,id=199a3fcd-cadf-489f-b29c-ef2d9363d7b7,1
20160701,audi,a3,id=1b60250a-48bb-4f91-90c7-c2c19e6ea484,1
20160701,audi,a3,id=1ce3d5c2-26a6-41f6-8bdb-39d7e4ea4684,1
20160701,audi,a3,id=1f9bc8a4-f1a3-4a16-abbb-983973a44f51,1
20160701,audi,a3,id=1fe69203-f940-4157-a6f3-f5201333e129,1
20160701,audi,a3,id=20c0d4f2-7e34-4b17-9e71-ef31a11cf7c5,1
20160701,audi,a3,id=22aa84c8-1daf-488a-a4db-83f4b05e8d98,1
20160701,audi,a3,id=2502e791-a7b5-43d5-9b24-cdedd31589b4,1
20160701,audi,a3,id=266227d0-b7ed-453f-af8a-4689b816a089,1
20160701,audi,a3,id=26a232cd-b6c9-4efe-aec1-36b45b1ec050,1
20160701,audi,a3,id=292f2e04-450d-490f-8578-431ec80c0cba,1
20160701,audi,a3,id=29a08fd8-76f3-43e0-9e7e-2b9997bb87a5,1
20160701,audi,a3,id=2a9bd798-3e28-41e7-81df-fce19dd159b4,1
20160701,audi,a3,id=2bf2f673-1529-496d-9883-7dd899d4092d,1
20160701,audi,a3,id=2c6fb0cd-2903-4cb9-9453-d54f33c50b5a,1
20160701,audi,a3,id=2f985dff-fb8b-43ad-8c6a-175466bfe86a,1
20160701,audi,a3,id=2fd12cc7-dc0b-4c5e-b43d-d93d5dc86d23,1
20160701,audi,a3,id=306d0f1c-bcf8-4e59-b3fb-63578fbf9fdd,1
20160701,audi,a3,id=3322199e-be91-46ab-84c8-4af627964b5e,1
20160701,audi,a3,id=351f70c1-605e-4bfa-934d-751147f5a5ed,1
20160701,audi,a3,id=368805e8-a7bb-462d-b511-926a750c4981,1
20160701,audi,a3,id=3713f676-d48c-4476-8b32-14f68411d1a0,1
20160701,audi,a3,id=39521d9d-4231-40bb-9ec6-04860424c1c9,1
20160701,audi,a3,id=3960b558-010e-4da5-b490-d5a3133c813c,1
20160701,audi,a3,id=39f50bef-5cae-4fac-beba-dd364a0969dd,1
20160701,audi,a3,id=3a0d2144-ad6a-422c-b6a1-e34fb83656bb,1
20160701,audi,a3,id=3ac68a86-6587-438a-a76b-1c7ada55fdb7,1
20160701,audi,a3,id=3bc5fecc-2f0d-44a0-8a4e-ccd3725f3199,1
20160701,audi,a3,id=3cd2f5ed-17dd-4cf1-807a-c56cf6ecf89b,1
20160701,audi,a3,id=3fd4eb57-e572-4018-817a-a29702e57f46,1
20160701,audi,a3,id=40fd5193-fc30-4d0a-9355-719cd77604af,1
20160701,audi,a3,id=41048a87-4c07-4bf1-a3bb-b291d7ace309,1
20160701,audi,a3,id=4211583e-0843-4142-8bb5-81b28727d445,1
20160701,audi,a3,id=42890638-f1c7-42d4-8947-cf8c0081958b,1
20160701,audi,a3,id=42cc919d-c402-46ef-bee7-b4ea3f1ad838,1
20160701,audi,a3,id=4380ee05-7f03-44eb-b212-0f2eb14ea014,1
20160701,audi,a3,id=43bdfb76-9422-4a39-ab21-2dcb29000bef,1
20160701,audi,a3,id=44a72e4e-e293-483c-bbef-7ca99a202ed4,1
20160701,audi,a3,id=467b5473-a6f6-48c3-8374-6beacd474ea3,1
20160701,audi,a3,id=474e8c59-14d0-4c88-a839-b225d738073a,1
20160701,audi,a3,id=48629ed6-7bca-4053-a951-f86c76238e56,1
20160701,audi,a3,id=49aa7324-c6bc-4c41-a07a-326eb32faa91,1
20160701,audi,a3,id=4a3a18eb-feff-4256-bccb-81cc0e155565,1
20160701,audi,a3,id=4a4b2146-799a-4769-8a58-a4d3539954da,1
20160701,audi,a3,id=4c2fd6fa-3ae8-42df-86c3-74fbc3b4282d,1
20160701,audi,a3,id=4c80dc39-1098-420e-af99-9b728cd62fe1,1
20160701,audi,a3,id=4cdd34dc-6a22-43a7-843f-9f292384c48f,1
20160701,audi,a3,id=4d6297f7-7aa1-45e6-b3e6-1084034b4c12,1
20160701,audi,a3,id=4ee83c54-3eec-4665-8312-02883d797ce7,1
20160701,audi,a3,id=52654f52-7a4f-4172-826c-e3115467fc6d,1
20160701,audi,a3,id=53d0e920-166a-44c1-bb87-88497a3a5fd9,1
20160701,audi,a3,id=54f331c9-7502-42f2-93b2-acc81806de14,1
20160701,audi,a3,id=5825ee4d-3f6a-4a2d-b134-0ff1ead93e03,1
20160701,audi,a3,id=58eada9b-c76c-41d0-9db4-b529714c234c,1
20160701,audi,a3,id=5b1535c4-8783-456b-aa1e-39f479cbe9c5,1
20160701,audi,a3,id=5b2b5f67-3beb-4045-ba10-4cf974acb495,1
20160701,audi,a3,id=5ccde08e-0054-4638-8394-e9859d7069d6,1
20160701,audi,a3,id=5e04ae65-3ca7-4106-94fa-47478f0fcfc1,1
20160701,audi,a3,id=5ec88fac-9465-403c-812b-1ba939633497,1
20160701,audi,a3,id=60110c0a-2fd0-4a06-8945-d7e529bc9d98,1
20160701,audi,a3,id=6144d129-4b3a-4be0-9d5b-715e5411f5a4,1
20160701,audi,a3,id=64daf1dd-ee79-4d9f-858e-9531e632c2ec,1
20160701,audi,a3,id=6817d7d5-7c5b-4448-b3c4-3d10abbed0d2,1
20160701,audi,a3,id=693a2c29-cf1d-4801-8754-785509fe33c7,1
20160701,audi,a3,id=69e5b219-8d3c-4674-9a5c-8b1d47aa2aa1,1
20160701,audi,a3,id=6a42b5d8-1b66-4688-ae55-bfdf4a2f907c,1
20160701,audi,a3,id=6a689fe3-3078-42f9-914d-9c1c7759c207,1
20160701,audi,a3,id=6c4b663a-36e8-4b16-a24d-88dae55f8cc4,1
20160701,audi,a3,id=6d029527-7e13-424e-b646-e4ec23b39587,1
20160701,audi,a3,id=6d73091e-5981-41b0-954e-bdfff120e1db,1
20160701,audi,a3,id=6eeeb6cb-0a7d-4982-967a-9fdc50512780,1
20160701,audi,a3,id=6f576bcf-5398-49d4-b22a-aecb116ae6ff,1
20160701,audi,a3,id=7462c430-018d-498a-97e6-90e942214b94,1
20160701,audi,a3,id=76ca6e83-5f16-4683-801c-98f14a62d816,1
20160701,audi,a3,id=76f45640-e631-4872-bb64-0f851c871cf6,1
20160701,audi,a3,id=7d3d1293-8cf0-4b5c-b4dc-7ca9d2df9c4d,1
20160701,audi,a3,id=80a3eade-36e4-4ad7-b096-277a59163a2d,1
20160701,audi,a3,id=819200e9-5bc1-418b-b15d-e7caf270d015,1
20160701,audi,a3,id=82e2a3ea-87ee-42da-ad83-48046e052196,1
20160701,audi,a3,id=847411b4-698d-4d6b-b935-aa57bc75e02a,1
20160701,audi,a3,id=862aa754-de90-4dc7-813c-b35676b963ff,1
20160701,audi,a3,id=864dc091-528f-48a5-be67-e2a9984fcbae,1
20160701,audi,a3,id=882a078b-6c9f-45d7-b53b-3492d5689d16,1
20160701,audi,a3,id=8aa09dca-8a51-4e7b-bdea-88605b1cfbf6,1
20160701,audi,a3,id=8b7e6354-9d5f-414e-af0b-8990006512e2,1
20160701,audi,a3,id=8d7a4b6a-1534-41bd-8d27-1e677961885b,1
20160701,audi,a3,id=8fd1510f-335f-47d7-b922-3bbf86768687,1
20160701,audi,a3,id=92abe0fe-4691-4e7c-903b-76651343ca67,1
20160701,audi,a3,id=931d1e0f-6971-4a17-b05e-c8cf0012f55c,1
20160701,audi,a3,id=93a835ef-9e64-496a-aabe-24a6b3d2a0ab,1
20160701,audi,a3,id=93a8ac69-a000-4fe3-8787-1db7f227981f,1
20160701,audi,a3,id=977686e6-37e3-4653-87db-f15178bdc64c,1
20160701,audi,a3,id=9aeb2eb1-a411-471c-963b-78281a2e4f68,1
20160701,audi,a3,id=9e2c04fa-80cb-4c50-baf9-5750fe5e7a5d,1
20160701,audi,a3,id=9f9793b1-d451-49f7-bce4-ada4ad157c18,1
20160701,audi,a3,id=a03f2e07-fe50-4721-bd11-68f558b0e219,1
20160701,audi,a3,id=a091ec9d-78a3-4d2c-ad8b-405cc165e1b7,1
20160701,audi,a3,id=a0f7f7d6-34db-4a80-a78e-ad1c3fd655e0,1
20160701,audi,a3,id=a103b323-1958-4013-9c7f-c33587c4f45b,1
20160701,audi,a3,id=a2f22379-0873-4248-99d9-ec641440c5aa,1
20160701,audi,a3,id=a30bdf38-9e6d-4c4e-8063-ea53eceb6cab,1
20160701,audi,a3,id=a5f19a7c-69ae-47db-92b6-4c57fe246487,1
20160701,audi,a3,id=a9bb8d7c-89a4-4603-a637-ceaa25c1e073,1
20160701,audi,a3,id=ab919674-ccf7-4207-8c96-e8133f96e894,1
20160701,audi,a3,id=b0c01285-e17d-43a2-bc36-d8357ce25495,1
20160701,audi,a3,id=b1ff8e01-419c-4941-a37a-a84992bf1bbb,1
20160701,audi,a3,id=b256cb03-f197-4f55-8f82-0cf17f635a89,1
20160701,audi,a3,id=b371a70b-269c-4a15-b179-5ef9af42adee,1
20160701,audi,a3,id=b80dab87-276c-4613-b471-b040b4bf2899,1
20160701,audi,a3,id=b81d06ca-f064-4c57-a5d3-f34b807cc400,1
20160701,audi,a3,id=b8ec3b06-20ef-469c-8143-719b5db42e2e,1
20160701,audi,a3,id=bb092d2b-ec02-4454-9436-af3da1158d50,1
20160701,audi,a3,id=bc333001-6911-464a-abb5-d5980530c6e4,1
20160701,audi,a3,id=bf9352cd-1e35-471e-a22e-e5bb181f3b30,1
20160701,audi,a3,id=bfff3d29-1df2-467e-b6a4-031a15a1e36d,1
20160701,audi,a3,id=c1912838-2f70-452f-95fb-53396f1b1087,1
20160701,audi,a3,id=c2f85a25-b1c6-40f8-ba0b-4747442ab908,1
20160701,audi,a3,id=c5865595-7d16-4d9a-bc37-9f5524cad6a6,1
20160701,audi,a3,id=c6cb711d-d408-4c0b-ba3d-ab06046d2b0b,1
20160701,audi,a3,id=c8be78cf-419b-4647-a349-9da1078fe602,1
20160701,audi,a3,id=ca97cc50-d4c4-476a-8387-82c4913b232a,1
20160701,audi,a3,id=cbe9c1a5-6702-424e-9606-1a2751190bf9,1
20160701,audi,a3,id=cd0811f2-ef8f-48d6-81f4-b098a84173c0,1
20160701,audi,a3,id=cd9bf0f7-248f-4c01-b959-c36b95bd492e,1
20160701,audi,a3,id=ce78e057-de56-47e4-b0a0-f6e22ab3e593,1
20160701,audi,a3,id=cf71fad9-ea94-4d41-bbc8-d22967fb9233,1
20160701,audi,a3,id=d0321ac1-f8fe-45a7-a011-0b80341a54bd,1
20160701,audi,a3,id=d04a4766-7ec4-45d1-98e6-35ce6d30e698,1
20160701,audi,a3,id=d0bc3256-1716-4a47-ac8e-8d393dc8e6f7,1
20160701,audi,a3,id=d915b660-1a60-4e31-bff8-8cb63aa90c79,1
20160701,audi,a3,id=dbcba400-037f-43e3-b35a-06496805e30d,1
20160701,audi,a3,id=e10a026d-bb72-4d40-890c-7506607fca21,1
20160701,audi,a3,id=e168c50f-f8eb-4fc5-bbfa-a78acf6db639,1
20160701,audi,a3,id=e1c49e89-8f28-4a3e-97d7-ab9066ce53b2,1
20160701,audi,a3,id=e2456b39-a351-4597-aea5-d2c552e650b7,1
20160701,audi,a3,id=e3d97331-44a5-4531-8d9b-1005e4324cda,1
20160701,audi,a3,id=e53d07c0-d4ed-4c54-88dd-06608c96f2da,1
20160701,audi,a3,id=e65db537-55b3-4ab1-ba2a-fc188d8e6227,1
20160701,audi,a3,id=e6f1dea7-30c7-4470-8a64-9e9aad508e13,1
20160701,audi,a3,id=e7caefb9-7771-4d6c-b612-6ccdb3810d8d,1
20160701,audi,a3,id=e8a3af3f-29d2-4622-b6a6-677ad5381712,1
20160701,audi,a3,id=e8a6ff89-abbe-4af7-ad95-b6b8cdb454ab,1
20160701,audi,a3,id=e8cc008e-d092-4333-8630-9f80f82fde70,1
20160701,audi,a3,id=e919ab0a-9fb6-4731-802a-0d947cb716b3,1
20160701,audi,a3,id=ea1e0796-1f91-48b0-9056-7cb7621dfec7,1
20160701,audi,a3,id=ed251502-5bb0-4a99-8347-953321b443c3,1
20160701,audi,a3,id=eda8e15c-40a5-4e14-b922-b5461e2a7148,1
20160701,audi,a3,id=edcc188e-aa89-439d-b6bb-ef974255d5d5,1
20160701,audi,a3,id=ee5707f8-0c0c-4076-a511-6dbd4a6bf0f7,1
20160701,audi,a3,id=f046e227-73d0-4137-b79f-e2c60f05d026,1
20160701,audi,a3,id=f42acef9-f67a-40cb-a2d1-6a5d16f4db45,1
20160701,audi,a3,id=f539ce01-916b-4608-8b66-85ae658bdbc8,1
20160701,audi,a3,id=f767cfce-7b2c-43b4-9b5e-e037ad20ee2c,1
20160701,audi,a3,id=f7a0a686-c830-4f41-b7cc-98849ac19a60,1
20160701,audi,a3,id=f8d8d4d9-181d-49af-b1d7-30616dd4d1aa,1
20160701,audi,a3,id=f95d22f3-ef85-46af-94f2-965de9d1673e,1
20160701,audi,a3,id=fafb5b37-6411-48f7-80af-a286ea68686e,1
20160701,audi,a3,id=fbdb51a2-9893-428d-ac0b-eccfa43bb82a,1
20160701,audi,a3,id=fdf0be60-32c5-42ff-b314-ae1942735d36,1
20160701,audi,a3,id=fe20d306-6258-476d-aa87-64419804b902,1
20160701,audi,a3 cabriolet,id=0611bac7-b06b-4323-8e03-8a47b7d88f71,1
20160701,audi,a3 cabriolet,id=1b17be53-cff3-44b7-a442-06b7e890b7d5,1
20160701,audi,a3 cabriolet,id=213a9cea-92f4-475a-8f25-62575c05d87e,1
20160701,audi,a3 cabriolet,id=5ac97721-652c-4f17-a75d-eb86900fefd5,1
20160701,audi,a3 cabriolet,id=86bddfd5-7949-4203-870a-fb3022fa0dad,1
20160701,audi,a3 cabriolet,id=aedd81cf-9beb-414d-ae4a-d9856cd970bc,1
20160701,audi,a3 cabriolet,id=bcc45368-a783-4408-b3af-622d884cb231,1
20160701,audi,a3 cabriolet,id=c4a687ef-6fec-4835-aa5f-ca7f23ab37af,1
20160701,audi,a3 cabriolet,id=cd6a624d-a690-425d-b865-9c38234fbf48,1
20160701,audi,a3 cabriolet,id=def2da34-ec53-4ed6-b6dd-aee8a0e31a94,1
20160701,audi,a3 cabriolet,id=e87a8cf3-4639-41ce-af68-6d47d061733f,1
20160701,audi,a4,id=0633c497-a70b-45b0-8cf1-14de081c9492,1
20160701,audi,a4,id=0b2e431c-9d84-4826-ae27-ed328943f36f,1
20160701,audi,a4,id=0fd09ec6-ed42-4ef9-a620-cd0f9c97e532,1
20160701,audi,a4,id=1380386519042.774841.900,1
20160701,audi,a4,id=1405417226209.127469.900,1
20160701,audi,a4,id=1426021505219.575128.900,1
20160701,audi,a4,id=1430171673382.56431.900,1
20160701,audi,a4,id=1a8bbbdc-1776-408e-a72c-48cd170c6f7c,1
20160701,audi,a4,id=214201b0-80bb-4661-9354-1c18d67c159e,1
20160701,audi,a4,id=30169927-5654-49f8-8ddc-70511c4a920e,1
20160701,audi,a4,id=30a93b75-81dd-4bd3-8b93-6073effc2306,1
20160701,audi,a4,id=3c07cd52-80a8-4ee5-9383-a352c212f1e3,1
20160701,audi,a4,id=3d25eceb-68ce-4038-b987-63dc80ece52d,1
20160701,audi,a4,id=3db1cdf6-ce0b-4491-b365-e84b3b330306,1
20160701,audi,a4,id=42890638-f1c7-42d4-8947-cf8c0081958b,1
20160701,audi,a4,id=45bff727-74e3-4b20-a40c-960f6fc10e4f,1
20160701,audi,a4,id=48629ed6-7bca-4053-a951-f86c76238e56,1
20160701,audi,a4,id=4b758195-85c7-44d0-b749-8857ac647e5d,1
20160701,audi,a4,id=4e33d10b-a488-4f59-895b-eb445020b42c,1
20160701,audi,a4,id=522c180d-3d19-455d-bd52-e240a85af637,1
20160701,audi,a4,id=5304a705-4883-47c2-8b70-9f1cf12a7780,1
20160701,audi,a4,id=573157b5-eb9f-43b9-9531-3d46b6a7399d,1
20160701,audi,a4,id=5810cb98-7383-4835-935d-33d52a54ffb5,1
20160701,audi,a4,id=5b0701b2-6b57-47f8-9cb0-f83c4c427481,1
20160701,audi,a4,id=5d061643-b55e-45d5-96f6-8966899b653f,1
20160701,audi,a4,id=5d1de251-e81d-4a46-89a8-bd5986c57212,1
20160701,audi,a4,id=5e260e20-0c4f-49bd-8e26-91b868c0896b,1
20160701,audi,a4,id=6cf87220-1d59-484d-9ef8-ccdbb806c185,1
20160701,audi,a4,id=6e8e9f8d-01f8-495a-ae1a-8856e2f98b28,1
20160701,audi,a4,id=70806431-9319-43e7-9766-24927a67f5a1,1
20160701,audi,a4,id=76a90eb1-8927-48bb-be77-6b191d4f4826,1
20160701,audi,a4,id=7763e749-eddf-4908-bc6b-55cda1a286e0,1
20160701,audi,a4,id=859f4683-5f57-4f85-ab00-73459d4fae6d,1
20160701,audi,a4,id=8e42d897-9a73-49e5-ab2f-574fa67af435,1
20160701,audi,a4,id=9085a147-e793-4ef1-824f-87cb63895235,1
20160701,audi,a4,id=9b0ba8a4-d89f-4869-90b7-05d9f42cb8e6,1
20160701,audi,a4,id=a590a996-daa6-4da9-8881-70e3b9912404,1
20160701,audi,a4,id=ac8b5024-a6b0-4acc-b036-55f4680c45c1,1
20160701,audi,a4,id=ae99f126-a0f7-44e7-8de9-6d5f33208596,1
20160701,audi,a4,id=bcea13e0-9ed8-43f3-93d4-c71eb730edcb,1
20160701,audi,a4,id=c51618e0-5037-46ec-b26f-607f1824035a,1
20160701,audi,a4,id=c97d5d32-4f89-4ea7-9b16-3b4363bd9172,1
20160701,audi,a4,id=d02a45db-88de-4852-94b9-9bbeb38cff53,1
20160701,audi,a4,id=d5b18433-d3fa-4026-9b1d-9aa725a3952a,1
20160701,audi,a4,id=d7569430-44a6-43ef-bfa5-5630dd3a4e95,1
20160701,audi,a4,id=d8e6b1bc-97d2-41f3-aa28-fd471262bd3c,1
20160701,audi,a4,id=e1a5ffde-2e81-4d1d-bcc8-c6e8095b27d2,1
20160701,audi,a4,id=ea1e0796-1f91-48b0-9056-7cb7621dfec7,1
20160701,audi,a4,id=fa528730-c858-408c-83e6-6369ad7d7091,1
20160701,audi,a4,id=fee184c7-e829-4bb8-81e2-244bb4cac817,1
20160701,audi,a4 allroad,id=10234e77-8e9c-4659-8b55-514112500f2b,1
20160701,audi,a4 allroad,id=1985c03c-e49a-4941-921d-cde2fbb624da,1
20160701,audi,a4 allroad,id=1eeb99ac-f3c1-4067-bd39-22b0f64dc678,1
20160701,audi,a4 allroad,id=1fe69203-f940-4157-a6f3-f5201333e129,1
20160701,audi,a4 allroad,id=2062bd46-5f0e-4a6a-a8c4-ed47e007d2b1,1
20160701,audi,a4 allroad,id=24b43150-33da-49c0-8349-32c76e7f2576,1
20160701,audi,a4 allroad,id=2500b6ee-a532-4ac6-ac8b-963e7f4a19a3,1
20160701,audi,a4 allroad,id=37283.8729976852.579098.1654,1
20160701,audi,a4 allroad,id=4911c22a-ef28-4556-b2b0-9cd536b26741,1
20160701,audi,a4 allroad,id=60e6e748-e05c-48ce-879b-941837ccda4b,1
20160701,audi,a4 allroad,id=6c82a183-a07c-455f-a9bd-51d2de4729e7,1
20160701,audi,a4 allroad,id=6d915bf2-b70e-44ea-8f7d-3f429f44a105,1
20160701,audi,a4 allroad,id=79df962c-d1f1-4349-916e-7b4d7a1ba044,1
20160701,audi,a4 allroad,id=814e62dd-abf6-46c0-a933-885c8f822088,1
20160701,audi,a4 allroad,id=8416a152-8733-448d-867d-75d9714967f0,1
20160701,audi,a4 allroad,id=88c47013-ba2a-49da-8f2d-41a392e07324,1
20160701,audi,a4 allroad,id=8a91c053-6273-4f18-80b2-eb6252f7eb16,1
20160701,audi,a4 allroad,id=95454c45-e739-418b-b862-bacea1937600,1
20160701,audi,a4 allroad,id=9ffdda7a-fec3-4bd8-a76e-258c2065abac,1
20160701,audi,a4 allroad,id=a091ec9d-78a3-4d2c-ad8b-405cc165e1b7,1
20160701,audi,a4 allroad,id=a2c1f85c-1495-4596-8452-a5a67b3750c7,1
20160701,audi,a4 allroad,id=a48312d9-2f4f-4783-830d-4a4e321f0b21,1
20160701,audi,a4 allroad,id=a7df638b-3fce-48a4-83d0-1ef82e401ff4,1
20160701,audi,a4 allroad,id=a892adf4-4694-4250-bb0c-ffee9116de66,1
20160701,audi,a4 allroad,id=aba2c8f7-ce31-4e42-afa4-1e9a72d94502,1
20160701,audi,a4 allroad,id=b0da5924-6541-441e-95b7-b1fe387243d5,1
20160701,audi,a4 allroad,id=b6730f60-6442-4066-8dd2-3ebd63e4ea11,1
20160701,audi,a4 allroad,id=bdd632af-16ff-4f6e-aed5-38c380f0e647,1
20160701,audi,a4 allroad,id=bea1d6bb-98e3-4bda-acb4-03cca77aa959,1
20160701,audi,a4 allroad,id=c60bd0a8-4f09-45b2-b0d0-d55ef169ad8d,1
20160701,audi,a4 allroad,id=d1a5a441-7cee-48fa-a71c-8be9f77eb922,1
20160701,audi,a4 allroad,id=d8d864ec-76a8-4211-8766-57680ec15373,1
20160701,audi,a4 allroad,id=e577bbe3-dcf6-4e16-83d2-0598a6f6e3ce,1
20160701,audi,a4 allroad,id=e999a38a-9c71-435c-bca9-4c8667b42e06,1
20160701,audi,a4 allroad,id=f0b6b324-fb88-4c59-bb5b-b1cc716bb471,1
20160701,audi,a4 allroad,id=f0e65439-5108-411f-be52-90abbd18ecd6,1
20160701,audi,a4 allroad,id=f282ac54-4e32-47a6-a720-941779b3a9b5,1
20160701,audi,a4 allroad,id=f539ce01-916b-4608-8b66-85ae658bdbc8,1
20160701,audi,a4 allroad,id=f7a0ef18-30fc-4816-939d-cedb9001c8ad,1
20160701,audi,a4 allroad,id=ff95d7a3-a647-48e6-a74d-ed3a79763214,1
20160701,audi,a4 avant,id=00f35e99-4894-4f8f-b8f0-37af2b8f0c55,1
20160701,audi,a4 avant,id=0c66da9b-702f-41f6-927c-74e27f037833,1
20160701,audi,a4 avant,id=10fe940e-17de-451a-b94a-a38c33d9d686,1
20160701,audi,a4 avant,id=1401454366874.812378.900,1
20160701,audi,a4 avant,id=1413192779872.121328.900,1
20160701,audi,a4 avant,id=14158c8e-5df1-4352-a661-d4402e36f0a5,1
20160701,audi,a4 avant,id=1444765033523.511053.900,1
20160701,audi,a4 avant,id=1d7d7bce-812f-4c93-8ed1-3e43df816bc8,1
20160701,audi,a4 avant,id=25445466-da43-4215-b4bd-975db395317d,1
20160701,audi,a4 avant,id=257c319c-7c90-4275-8523-3046e0a3872d,1
20160701,audi,a4 avant,id=2bbb3d52-3268-4070-a9f7-99adfd7d00fe,1
20160701,audi,a4 avant,id=40a4ce55-3ca2-4d34-86d6-af4474a7a5ae,1
20160701,audi,a4 avant,id=46e7e7b9-da8c-484f-9115-150a670a706e,1
20160701,audi,a4 avant,id=470695a2-1926-487a-8ab8-1c39bfbe017a,1
20160701,audi,a4 avant,id=48b5c281-98c1-4c7b-ad88-aae05d742fcd,1
20160701,audi,a4 avant,id=54d3e58d-10ca-4c0e-b05c-487b922b69fa,1
20160701,audi,a4 avant,id=60ed4677-5afd-4918-8825-d6cb42169cc4,1
20160701,audi,a4 avant,id=676b708d-8128-4b83-87a8-641606b437af,1
20160701,audi,a4 avant,id=6ef57b3c-7d1d-41cc-8acf-85d042fd862d,1
20160701,audi,a4 avant,id=7d1956d8-0e9c-450a-b73f-a1e58ada8713,1
20160701,audi,a4 avant,id=8cb348fa-c214-4e35-b685-a6f82d205366,1
20160701,audi,a4 avant,id=8e42d897-9a73-49e5-ab2f-574fa67af435,1
20160701,audi,a4 avant,id=8fd4a4a0-2a90-4007-bf12-7f1c795f9668,1
20160701,audi,a4 avant,id=92f7371b-735e-448a-b48a-1320124549cb,1
20160701,audi,a4 avant,id=9b02011a-a32a-40ec-9e6d-617fc1c62485,1
20160701,audi,a4 avant,id=a590a996-daa6-4da9-8881-70e3b9912404,1
20160701,audi,a4 avant,id=a7183956-05ef-407f-b2c7-164934487278,1
20160701,audi,a4 avant,id=aad55c6f-476b-4d92-92b7-aa1104663301,1
20160701,audi,a4 avant,id=b0804103-3c79-48d8-8009-e0dbc3b56dcb,1
20160701,audi,a4 avant,id=b0dab45f-6857-4744-8852-b5d0a490a3bf,1
20160701,audi,a4 avant,id=b0ea1bfc-40c4-48c8-9d65-660ebffc8dca,1
20160701,audi,a4 avant,id=b3b765e0-1cbb-4613-a0f5-352d806a73f6,1
20160701,audi,a4 avant,id=b5420556-7cdf-4204-9a7c-3afc2f657069,1
20160701,audi,a4 avant,id=bb446807-9e04-4170-95e2-f473862e2f09,1
20160701,audi,a4 avant,id=c81aa833-7a92-4c6a-82d2-62da2e51ae7e,1
20160701,audi,a4 avant,id=cca0e9a1-70ff-4841-bf83-102283bd11ca,1
20160701,audi,a4 avant,id=d275e50b-5e9f-43a4-974c-b6da63348235,1
20160701,audi,a4 avant,id=dc889da3-6c57-4a75-a591-c17751527e42,1
20160701,audi,a4 avant,id=f2530c6b-4bc7-48e7-bb68-89a9a22f4937,1
20160701,audi,a4 avant,id=f915d350-67fe-47f6-8abf-032b880aefef,1
20160701,audi,a4 avant,id=fa01a8b9-b20a-4adf-88e3-f25cca6db8a5,1
20160701,audi,a4 avant,id=fb10a551-4785-4e6e-a1bc-1cee7e1874e7,1
20160701,audi,a5,c9640c2e-8a91-bd32-0b5a-f37b76c9787e,1
20160701,audi,a5,id=00007632-6d05-4c4f-9845-28cde6dd8058,1
20160701,audi,a5,id=0028b42a-b155-4dc9-80c0-e4f29f4e81c8,1
20160701,audi,a5,id=00298023-c04d-4f48-8d77-16d46587f900,1
20160701,audi,a5,id=00312bc8-bcd6-45d9-850c-37eca1880ea5,1
20160701,audi,a5,id=0031bb0e-e74d-4caf-bddc-aca3121c7fee,1
20160701,audi,a5,id=0039b25a-a39a-4d10-9479-63201ada808d,1
20160701,audi,a5,id=00457e35-cc15-42f1-837c-79a1bf0fc2ea,1
20160701,audi,a5,id=0057cb9b-9de0-4e5d-8b3a-f3128d73d1b4,1
20160701,audi,a5,id=005bec72-bd9a-4637-90eb-0d525bdb738a,1
20160701,audi,a5,id=005dbe58-a975-4ad0-bb01-1307181687ce,1
20160701,audi,a5,id=0060b621-fe28-4653-9337-b8faf18e170d,1
20160701,audi,a5,id=006bbed6-6635-4b41-84af-b759b5163e6d,1
20160701,audi,a5,id=0070d857-95af-432c-b306-e81b7f3531c6,1
20160701,audi,a5,id=00726b67-182a-4b7f-b78b-1748d46972d8,1
20160701,audi,a5,id=0074e82b-4201-4d01-81f9-928224d5ebcd,1
20160701,audi,a5,id=00758f16-cce3-4068-aaec-2781166705e9,1
20160701,audi,a5,id=007a9dbb-b56e-42dc-bfeb-c7250de01d7c,1
20160701,audi,a5,id=007aab1f-40db-4bc7-b5a6-c282b343b1f7,1
20160701,audi,a5,id=00825dc3-b798-48cf-9b8b-14f0058d6166,1
20160701,audi,a5,id=00832a13-8f09-4e0f-9f2b-bb8757232a33,1
20160701,audi,a5,id=00866229-de62-43d7-bfa7-07f9824be52b,1
20160701,audi,a5,id=0091b472-e1e7-4c9b-b3fd-953c73b337a8,1
20160701,audi,a5,id=0099b05a-1194-4fbb-aac1-487ea51c0f68,1
20160701,audi,a5,id=009a1053-0ec3-4efc-87c5-86e5955406c8,1
20160701,audi,a5,id=009e71c9-af58-40f3-80e1-5187fa298a0b,1
20160701,audi,a5,id=00a0f105-01c4-44d9-843e-4596889809a3,1
20160701,audi,a5,id=00aad997-1e30-4b9c-bd22-9077f8b4ef1b,1
20160701,audi,a5,id=00bd2f71-53e6-49e2-9b42-8c0e786a0624,1
20160701,audi,a5,id=00c0b57b-f5d2-4be0-9cf7-86850d6836fa,1
20160701,audi,a5,id=00ca4231-f983-4e80-9b72-39bb1224862c,1
20160701,audi,a5,id=00d33f89-61e4-4a91-ba80-67277fe78697,1
20160701,audi,a5,id=00d71c02-c830-44ed-9e26-9d1ffbec7780,1
20160701,audi,a5,id=00dba2e9-3353-40a4-bee7-aa257fc1b1fb,1
20160701,audi,a5,id=00f095b4-65d9-4edf-b927-7325bbbe24a0,1
20160701,audi,a5,id=00f721c7-ef6f-4288-aa46-98aec0be9ac2,1
20160701,audi,a5,id=00fe9548-4b61-487d-9321-bf84b97930f1,1
20160701,audi,a5,id=010ceec2-a514-494d-9884-05d2aebe9ebc,1
20160701,audi,a5,id=01210d73-3746-4fc1-b083-c6eee95e89af,1
20160701,audi,a5,id=01214762-60ac-4135-91c5-3a770e539797,1
20160701,audi,a5,id=0124fcf2-dbf2-42c2-be94-a0bf32d2f786,1
20160701,audi,a5,id=01295c36-3b24-485a-a32a-3d31feb638fd,1
20160701,audi,a5,id=0145fde1-f827-4f37-b507-5285f882bf0b,1
20160701,audi,a5,id=01473240-76e2-4241-9925-f18a2161be71,1
20160701,audi,a5,id=0157f3c8-8aac-46a2-87db-72d0bb534200,1
20160701,audi,a5,id=01582f90-0418-4a1f-bb70-a8735810754c,1
20160701,audi,a5,id=015b4c4b-1be3-4db0-9888-873bdbc16486,1
20160701,audi,a5,id=015f89c9-5085-4c84-975d-dc133d74ec38,1
20160701,audi,a5,id=0163bc3d-8566-41e3-9c0a-252951c67423,1
20160701,audi,a5,id=01681dfe-b618-42dc-ad90-71046a5197ae,1
20160701,audi,a5,id=01800cc5-e6e2-4889-a231-9a2bee9c20df,1
20160701,audi,a5,id=018221df-0383-4e46-819a-cc0f2c34d2d7,1
20160701,audi,a5,id=01849dc1-8716-42ab-be88-a1f2c7acbb3e,1
20160701,audi,a5,id=018977ff-d451-4686-9cfe-de9f4a3955ed,1
20160701,audi,a5,id=01911c14-74fd-4c11-a8ec-0e7ec3ad5a68,1
20160701,audi,a5,id=0195aff6-77a4-496e-9932-7dd4f8271800,1
20160701,audi,a5,id=01973d30-5151-4492-8981-dd5ac6d2fd50,1
20160701,audi,a5,id=019ae04c-bc2a-41e6-b355-9a02c958c875,1
20160701,audi,a5,id=019d82a7-3170-44a5-b025-b00de7f52211,1
20160701,audi,a5,id=019f2afc-cc52-46d9-ab72-c3c5e83812a3,1
20160701,audi,a5,id=01a21f07-9cf4-4dc1-a1d4-8eba98f3b4c0,1
20160701,audi,a5,id=01a5275f-386c-448c-b4a9-a8452215d091,1
20160701,audi,a5,id=01bff02d-9d9f-4c1b-afe4-998272bf84df,1
20160701,audi,a5,id=01c58248-dff1-4c94-9b59-d4db4b9be018,1
20160701,audi,a5,id=01c64d28-7c48-4421-aed2-4bbeac05f61f,1
20160701,audi,a5,id=01d217b9-dec7-4fef-84c5-f7034c55ee24,1
20160701,audi,a5,id=01d34e14-d25d-4be2-b17c-a7518807d0e3,1
20160701,audi,a5,id=01d5f760-e825-4221-8958-94669acae197,1
20160701,audi,a5,id=01d61a41-f72f-4c4b-ac80-7e7a0ab836a9,1
20160701,audi,a5,id=01d9f1ec-44bd-4890-9396-90d640debe24,1
20160701,audi,a5,id=01ea3817-5bb3-4d0f-a4ec-ecb158704a6a,1
20160701,audi,a5,id=01ec2b54-4198-4fc9-aa18-489a6537b16d,1
20160701,audi,a5,id=01ecd3a0-0924-4f57-9f15-845a1dadc4e7,1
20160701,audi,a5,id=01f1c761-d6a6-49fe-84c5-64fb6ca2ceed,1
20160701,audi,a5,id=01f39c67-73e6-4ab7-8c89-18261d08a412,1
20160701,audi,a5,id=01fee25f-714b-453c-be38-774c74d4a33d,1
20160701,audi,a5,id=01ffdd8e-8af6-45d8-b50f-215b1e57b168,1
20160701,audi,a5,id=02057a60-528a-42f3-a43e-08ff9ad6e09f,1
20160701,audi,a5,id=020abb2a-b8a1-4ab6-978c-fc485f6eda8a,1
20160701,audi,a5,id=0214aefc-adfb-497b-946f-0eab6d63238f,1
20160701,audi,a5,id=02158482-887b-4097-b1db-dd7c0d96e724,1
20160701,audi,a5,id=0239041a-1ff5-45f0-8823-26c6394617d3,1
20160701,audi,a5,id=024dca5c-5d7b-4766-9ed3-228335992811,1
20160701,audi,a5,id=0258e887-5d33-4276-b50a-0477deb7e5be,1
20160701,audi,a5,id=025f7a2f-4c48-4244-97df-da0fd5172c0b,1
20160701,audi,a5,id=02643e44-803b-4a05-ab2a-c023c73cae9d,1
20160701,audi,a5,id=02683726-304d-45c6-8bc3-1ec249e9aca7,1
20160701,audi,a5,id=0269caed-b64d-46f3-bec2-d3f2cca4312b,1
20160701,audi,a5,id=026f247d-9953-4b5a-b046-d465d787aa39,1
20160701,audi,a5,id=027b8fa6-7921-4eb6-9447-7ccd7ae8e334,1
20160701,audi,a5,id=028f8dfb-b374-46ca-a1e7-fcec8fcc9736,1
20160701,audi,a5,id=0296e6cd-d3c5-4fdd-af24-980c06b29f94,1
20160701,audi,a5,id=029ac1fc-d977-473e-958d-231c355aec13,1
20160701,audi,a5,id=029f9919-04fa-464f-b089-cadd3ce3146b,1
20160701,audi,a5,id=02ad8787-0e81-44be-8c97-1e5d156396eb,1
20160701,audi,a5,id=02ae69ce-9e43-42bb-a097-74583f3bd868,1
20160701,audi,a5,id=02c29ea9-4d7f-4325-b003-aa0aafeebe8c,1
20160701,audi,a5,id=02c5f53d-459d-44da-b412-d1c52ab08677,1
20160701,audi,a5,id=02c65716-746a-4079-a13c-3557209780bc,1
20160701,audi,a5,id=02c8399d-495f-498d-b128-25c956857a4e,1
20160701,audi,a5,id=02d5ac57-d7a4-4c64-983b-08636c546937,1
20160701,audi,a5,id=02d84354-f493-483e-a119-a6d4bb47c5d5,1
20160701,audi,a5,id=02dc44cd-5b35-40c0-8f3f-f567f9827059,1
20160701,audi,a5,id=02e85ff8-eead-41a9-a605-cdc4d4ea547e,1
20160701,audi,a5,id=02e97dc1-ab23-476e-82b9-476b8b287e81,1
20160701,audi,a5,id=02ea22e6-9722-40b6-a7dd-73fd81761c53,1
20160701,audi,a5,id=02efcffa-31d9-4111-aa58-23b09f322fed,1
20160701,audi,a5,id=02f30483-82cc-4e82-b2fe-38940832fc30,1
20160701,audi,a5,id=02fb4463-d5a8-4d63-ae4f-e25cbbfb28b9,1
20160701,audi,a5,id=02fb8cbb-3ce4-48c8-a115-182a5d150dc1,1
20160701,audi,a5,id=02ff5c70-a7a4-4568-99e5-faf36f4c0c1e,1
20160701,audi,a5,id=030686bb-8145-491b-8f8e-83c3d6a03bd6,1
20160701,audi,a5,id=0306a44d-6b64-4427-868f-c7c86c569dfe,1
20160701,audi,a5,id=03072aa8-2783-4666-90ca-26c489d3756b,1
20160701,audi,a5,id=0307c9e2-d6ad-4666-aadf-ce01b29ae50e,1
20160701,audi,a5,id=031e3b94-8d65-4e59-85ed-7701f7c7e90e,1
20160701,audi,a5,id=032f95fd-c3c9-4ab4-bb4e-b095582f9bf7,1
20160701,audi,a5,id=0331ba29-d112-49e2-9975-8af659f8d59d,1
20160701,audi,a5,id=033384dc-afa1-4dda-89b7-1d7e54c12d91,1
20160701,audi,a5,id=0338d195-ec48-4aaf-9efa-b4d9308c059b,1
20160701,audi,a5,id=03396dae-b4f6-4af2-8c88-6aaf3a36cd35,1
20160701,audi,a5,id=033cabec-b4aa-4e32-9fbf-33fc1dc94082,1
20160701,audi,a5,id=033fd0a9-54ef-48af-adc2-e5fbe1fa3c7e,1
20160701,audi,a5,id=03434c3c-2871-4035-8530-c3bd28672456,1
20160701,audi,a5,id=03498c16-c0c3-40ba-9597-81f7895a01d3,1
20160701,audi,a5,id=034f10de-67e1-4e80-bd05-84b0db34b1dd,1
20160701,audi,a5,id=0353b046-d473-4bfa-98dd-ef8f8519ec17,1
20160701,audi,a5,id=035711af-e1cc-4715-81e3-9e6aef9f3b35,1
20160701,audi,a5,id=0366c0ef-7a45-46ea-99d7-a7406a7180c6,1
20160701,audi,a5,id=03677398-0ddf-4d4f-ade7-af6a9a3d1b27,1
20160701,audi,a5,id=036c9bf0-1c26-4180-a3b7-0d3a0ccddb68,1
20160701,audi,a5,id=03799e60-2a23-4115-9690-244562b2952f,1
20160701,audi,a5,id=037d2dbb-79b7-4ba8-9bc0-c97c99dc48de,1
20160701,audi,a5,id=037dda82-f7cf-4cae-b9d4-52f1afdaa72e,1
20160701,audi,a5,id=03823460-089d-4210-aa56-cc725b2b2353,1
20160701,audi,a5,id=038adeaf-9d71-4112-afc0-4aababfbd747,1
20160701,audi,a5,id=0398feff-bb6a-41ae-9403-ea3e41b544be,1
20160701,audi,a5,id=03a41ba7-f720-41c7-a681-883b6e845a4f,1
20160701,audi,a5,id=03a73345-4bd5-4ab6-af9d-2767e36430ec,1
20160701,audi,a5,id=03b02b6c-7b84-427b-b029-6c635d4e617f,1
20160701,audi,a5,id=03b455e6-09ce-4cd7-b05b-fc0ac9a6f2cb,1
20160701,audi,a5,id=03baa8a1-69f0-4687-a326-0384178210d5,1
20160701,audi,a5,id=03bb63ee-9781-4838-96cf-3f6fe90bce07,1
20160701,audi,a5,id=03bb6652-439f-48e3-b5ad-f99b90d748d4,1
20160701,audi,a5,id=03bce06a-5c95-40cd-92ad-68584f59b715,1
20160701,audi,a5,id=03c34ed1-6c65-4038-b8b0-d36046c22eed,1
20160701,audi,a5,id=03cdc43b-61d1-4907-ad25-c79aa8b0dd05,1
20160701,audi,a5,id=03da2c94-d7a5-48b9-bcfe-0c0ee847e480,1
20160701,audi,a5,id=03db3503-d4bf-4b76-8ec1-6288e730eda6,1
20160701,audi,a5,id=03e23caa-1f06-4595-9cb0-e857b2ee8f76,1
20160701,audi,a5,id=03e3b5ac-0b6d-45e7-b9de-89fc005f35cd,1
20160701,audi,a5,id=03e9fcbf-ffe9-42ea-b653-ac5243588c16,1
20160701,audi,a5,id=03fc54ff-ae46-450f-b10f-b94dd3e8a2a2,1
20160701,audi,a5,id=0402e500-7df5-4208-b135-7980bb9a75fb,1
20160701,audi,a5,id=040ff2fd-bb74-4809-a5f6-c114f2c1289b,1
20160701,audi,a5,id=0423ff49-8083-4183-91cc-3b8295cb8226,1
20160701,audi,a5,id=0430b055-9108-4b42-b6e8-f5cdd55e8208,1
20160701,audi,a5,id=04367e60-498b-4ee8-a836-25d2cfeba835,1
20160701,audi,a5,id=043f005e-ab58-4e13-97bf-9f2d8dac1710,1
20160701,audi,a5,id=044e9780-9b3f-4682-ac6a-85584d864acb,1
20160701,audi,a5,id=04564fbf-e8f7-4df4-ac01-64013600298b,1
20160701,audi,a5,id=046427ae-eb72-4408-aeed-2ada0dc21774,1
20160701,audi,a5,id=0474bad2-b87d-4634-b8d6-457cc7b00161,1
20160701,audi,a5,id=047e1803-3bf8-4428-aff1-cdccf4e63761,1
20160701,audi,a5,id=047f65a6-779e-441f-a6c0-4191535c08f6,1
20160701,audi,a5,id=048a47ff-f35b-419d-bdd1-ac55b7c2b38f,1
20160701,audi,a5,id=048e113c-5bca-4426-8847-9f88a0251232,1
20160701,audi,a5,id=049447fd-4931-4eb9-8433-128c18425465,1
20160701,audi,a5,id=04982855-90ba-4e07-8723-8e58af9a57b9,1
20160701,audi,a5,id=049e40af-2218-4ec9-8ea4-a19dea3f5639,1
20160701,audi,a5,id=04a1b8e5-ea03-4f8c-a4a6-e24a87110dfd,1
20160701,audi,a5,id=04a34d5b-3279-410a-89eb-b2350feb8835,1
20160701,audi,a5,id=04a46bba-46b3-4f49-aef8-f646e4f592c4,1
20160701,audi,a5,id=04b06cc7-01cd-4360-877e-b204a2b9b530,1
20160701,audi,a5,id=04b302a7-9cf8-4d49-95cf-9cdf104f2932,1
20160701,audi,a5,id=04ba6600-4705-4438-804d-124c3aaefa30,1
20160701,audi,a5,id=04c07339-119f-4406-ab56-01f214e175d1,1
20160701,audi,a5,id=04c201d1-3e1a-4821-bcdc-990f0dd56499,1
20160701,audi,a5,id=04c355a4-b9ee-449b-ad50-88fc98c48a55,1
20160701,audi,a5,id=04c5492a-61c4-46af-80d9-f4a06a78df09,1
20160701,audi,a5,id=04cf3ac4-05fd-45e8-ba7d-9b2524de9071,1
20160701,audi,a5,id=04d2436b-82db-4cb4-84c3-a2418e5e4cfa,1
20160701,audi,a5,id=04d81517-2dce-412d-bb68-bb609d0e659a,1
20160701,audi,a5,id=04d9fde0-dd67-438c-a9a8-d972c5e8040d,1
20160701,audi,a5,id=04deb4b0-f6dc-4d27-b0c9-f297a657096c,1
20160701,audi,a5,id=04ded606-8dcf-4b44-98b6-cd8ec6239863,1
20160701,audi,a5,id=04e1959b-b2c7-4cef-b1d7-8d02b5290615,1
20160701,audi,a5,id=04e1d9b3-2027-41aa-9cdb-886ae188d723,1
20160701,audi,a5,id=04e618b2-5683-4c9d-83a2-fd5769d3143b,1
20160701,audi,a5,id=04e71ebf-9846-4e5e-b90a-49d1d28af706,1
20160701,audi,a5,id=04f62b95-7ab4-4047-87fa-eddcdf595d06,1
20160701,audi,a5,id=04f703c7-0f21-44d2-8e09-c19ee6d44427,1
20160701,audi,a5,id=04ffa0f7-3abc-435c-a6d9-15ab2e075b9a,1
20160701,audi,a5,id=05098400-7bb9-4d2f-9246-56fb0447e7e4,1
20160701,audi,a5,id=0516c00f-a603-46f9-bba5-725572484b3c,1
20160701,audi,a5,id=0526dfa4-c986-4c1e-af33-cb84935b13d1,1
20160701,audi,a5,id=05315d28-be04-4014-ba79-79edd808ad30,1
20160701,audi,a5,id=0543c41a-112c-43f9-a128-c85fe33dea62,1
20160701,audi,a5,id=05442308-0247-4fea-84a8-2153a97d7e57,1
20160701,audi,a5,id=05475990-e451-4be4-8ed4-678b47284e58,1
20160701,audi,a5,id=054795d2-da5a-4f4d-b194-66eaf5571e05,1
20160701,audi,a5,id=054baee4-1ada-4dcc-a6b7-eba9a2e85d64,1
20160701,audi,a5,id=054f2856-d8ca-447d-a507-b9f73a12cee5,1
20160701,audi,a5,id=05510bfd-f8c0-49a0-be67-7f83aea6e6d1,1
20160701,audi,a5,id=05683559-8a92-4864-986a-38e4d6d1652a,1
20160701,audi,a5,id=056bb86e-0de0-400a-ba72-0be49bb848d8,1
20160701,audi,a5,id=05744b90-e749-4ff4-ba83-8714bdbaf4eb,1
20160701,audi,a5,id=0577633b-faed-488c-a9f9-2bb9193a5dcc,1
20160701,audi,a5,id=0577f6c3-176c-477c-b535-588cf37cfc6b,1
20160701,audi,a5,id=0586917e-64b1-481f-b69f-9dbe2caa73ca,1
20160701,audi,a5,id=0589b5bd-2baf-48f7-96a7-c40cc9aa6a7e,1
20160701,audi,a5,id=058f6949-0578-4a22-bde0-015706629356,1
20160701,audi,a5,id=05930484-d4b4-43b7-948e-c7888c0f4bdc,1
20160701,audi,a5,id=059449b7-f1ce-4e24-973e-1d203c8d9be4,1
20160701,audi,a5,id=05976dcd-8243-45d4-87bd-c595b409f911,1
20160701,audi,a5,id=05a2cd94-503f-41f9-a5bb-a5017765007f,1
20160701,audi,a5,id=05ae86cd-1049-4b79-8c0a-c4c82731551e,1
20160701,audi,a5,id=05d4940c-c797-48b6-9c7c-52795c507703,1
20160701,audi,a5,id=05d81018-382c-42e6-b246-357ec5d4107a,1
20160701,audi,a5,id=05da8773-b0fd-460e-8c74-488a466cb737,1
20160701,audi,a5,id=05e1a985-35b8-400a-af2a-049a314f14ef,1
20160701,audi,a5,id=05e1d317-1ee2-4136-b5b8-e1a52b5416a8,1
20160701,audi,a5,id=05e47ea6-4cfc-4585-a314-6f4cf9b676c8,1
20160701,audi,a5,id=05e76f83-1519-41d6-8565-03bcc931d6ab,1
20160701,audi,a5,id=05ee3345-fdf7-4ec9-a0e8-74e7120c5857,1
20160701,audi,a5,id=0606d4ae-d18f-4c77-b5ab-dbf9bad2a956,1
20160701,audi,a5,id=060820be-2350-4735-826b-6981bbc3b4c7,1
20160701,audi,a5,id=0611b351-6a3e-47e3-bdc3-1f8b5cc74a6f,1
20160701,audi,a5,id=061d832b-2883-4941-ac77-a3939d978697,1
20160701,audi,a5,id=061f2fef-32fb-431a-9f29-e37d6f3643b8,1
20160701,audi,a5,id=06218531-3035-4156-9883-dc77328b278b,1
20160701,audi,a5,id=06295f82-f581-4151-8e83-17f4c906459c,1
20160701,audi,a5,id=0632f634-8186-479d-b5fd-f49c6fcf08a9,1
20160701,audi,a5,id=0633c497-a70b-45b0-8cf1-14de081c9492,1
20160701,audi,a5,id=06352a3d-d641-4aab-aeae-11da1e8088f2,1
20160701,audi,a5,id=0639846e-3a1d-46b6-aa6f-9a6e403793f2,1
20160701,audi,a5,id=0639cc8a-b86a-444a-98e5-ba742429240c,1
20160701,audi,a5,id=063a0a04-0666-4fa1-b44c-1a3cc6a67502,1
20160701,audi,a5,id=063f5ced-9312-4320-aa0f-61c8ccef89c3,1
20160701,audi,a5,id=064136d1-3f5c-4463-af2e-2e227ad6a41b,1
20160701,audi,a5,id=0644cedf-aae0-43f7-a65a-d6af03d150e5,1
20160701,audi,a5,id=064b1d27-da61-42ca-99e2-82fffcfae02e,1
20160701,audi,a5,id=064bbdf2-0d4e-4446-bd19-e49e5d706f2e,1
20160701,audi,a5,id=0655cb2d-1b8e-4a9b-8b3e-7ec0c69f90a9,1
20160701,audi,a5,id=066d50bf-47b0-411e-815e-907a8acfde47,1
20160701,audi,a5,id=066f80ea-f8df-41c2-9fb5-4ca51d763fe3,1
20160701,audi,a5,id=067bf028-1766-4a8d-96b1-1674b876ba6c,1
20160701,audi,a5,id=067f846d-19fc-4e96-bbc9-125f592b11f8,1
20160701,audi,a5,id=0681f201-6a0d-40b4-9d17-5d587f594421,1
20160701,audi,a5,id=06821c00-0ba1-45e2-85b5-6e545686d164,1
20160701,audi,a5,id=06858fb1-6ca0-4078-933b-79ea9754a315,1
20160701,audi,a5,id=068bd52d-051d-4cab-a7c9-66af8255bde8,1
20160701,audi,a5,id=069e48f7-ca03-4ee7-8a14-5e02c504a77d,1
20160701,audi,a5,id=069e91dc-6c63-4e5b-bbc6-0665f7d2e590,1
20160701,audi,a5,id=06a0013f-44ad-4658-9a27-7c8ad18ad3d9,1
20160701,audi,a5,id=06a1cfa0-4e7b-4e58-9b24-d76c9996c9cc,1
20160701,audi,a5,id=06a815dc-b017-48d2-9494-656172e9fe1f,1
20160701,audi,a5,id=06bae1f0-11e6-4a67-b8c1-e6ca140f7124,1
20160701,audi,a5,id=06bece13-039f-4b99-9f29-dc1cabed9303,1
20160701,audi,a5,id=06c11416-2e24-4ace-9e5c-22ae4b95efc2,1
20160701,audi,a5,id=06c7b3bf-acf2-4ef9-b5a7-32e17611f5cf,1
20160701,audi,a5,id=06c805ff-5564-4e86-9fce-af9a547ef2e1,1
20160701,audi,a5,id=06d5bf96-3c29-466a-ac03-fa4c4290f4ea,1
20160701,audi,a5,id=06dd09db-93c8-4d76-9bd1-b74763b92c65,1
20160701,audi,a5,id=06df1c89-580a-4a25-9793-5193580b2d5b,1
20160701,audi,a5,id=06e159d5-5085-4836-bffd-d4490f2edc2f,1
20160701,audi,a5,id=06fb40cb-871e-47d7-aadf-8c146ca0d98a,1
20160701,audi,a5,id=0700c093-9577-4284-ad5e-d012c1de1bca,1
20160701,audi,a5,id=07028e00-6a9a-4cfc-8c6c-a19d8b939314,1
20160701,audi,a5,id=07029de0-5f77-4168-a5c0-114a8efb7398,1
20160701,audi,a5,id=070a5126-9422-4e8e-bdcf-2b25aa46894a,1
20160701,audi,a5,id=070ddd55-0f26-4ed0-8970-41b513614d4a,1
20160701,audi,a5,id=070fb799-d597-400d-b5be-3d7c76fbdd32,1
20160701,audi,a5,id=071e3c76-91c0-43b5-82ad-f38598aaa3fe,1
20160701,audi,a5,id=07208fe0-8733-48ca-95b8-970b79746c65,1
20160701,audi,a5,id=072d66d8-c70e-4c0c-a3d9-3d4d8ddea734,1
20160701,audi,a5,id=072e8c7c-2f90-489e-b378-4a9db3a05db3,1
20160701,audi,a5,id=073f4589-78d2-46b8-8931-95184b857f3a,1
20160701,audi,a5,id=074109f5-9112-4e34-b7fd-9a97d55e8c82,1
20160701,audi,a5,id=0743d741-5a1e-4644-b703-53f99ac23aaa,1
20160701,audi,a5,id=074e6444-779e-4d0b-a2fa-fee86c155e2c,1
20160701,audi,a5,id=074e8795-1133-4b2b-9a11-481b54b7fa7a,1
20160701,audi,a5,id=07656296-408e-4b36-854c-833b7ccae542,1
